"NodeKey","ProductId","TypeCode","Category","CreatedBy","CreatedAt","ChangedBy","ChangedAt","NameGuid","DescGuid","SupplierGuid","TaxTarifCode","MeasureUnit","WeightMeasure","WeightUnit","CurrencyCode","Price","ProductPicUrl","Width","Depth","Height","DimUnit","DummyFieldPd","Change_Type","Change_Date"
"42010AA400041EED8CF393ABD29EB6BA","AR-FB-1000","PR","Files & Binders","42010AA400041EED8CF393A96D11D6BA","2022-09-13 19:45:26.000000000","42010AA400041EED8CF393A96D11D6BA","2022-09-13 19:45:26.000000000","42010AA400041EED8CF393A96D33B6BA","42010AA400041EED8CF393A96D33D6BA","42010AA400041EED8CF393A96D2D76BA","1","EA","224.000","G","EUR","3.25","/sap/public/bc/NWDEMO_MODEL/IMAGES_OFFICE/59966104.jpg","24.800","31.200","4.500","CM","","L","2023-11-03 04:08:23.377000000"
"42010AA400041EED8CF393ABD29ED6BA","AR-FB-1001","PR","Files & Binders","42010AA400041EED8CF393A96D11D6BA","2022-09-13 19:45:26.000000000","42010AA400041EED8CF393A96D11D6BA","2022-09-13 19:45:26.000000000","42010AA400041EED8CF393A96D33F6BA","42010AA400041EED8CF393A96D3416BA","42010AA400041EED8CF393A96D2D96BA","1","EA","400.000","G","EUR","4.25","/sap/public/bc/NWDEMO_MODEL/IMAGES_OFFICE/71583814.jpg","32.000","7.000","28.000","CM","","L","2023-11-03 04:08:23.377000000"
"42010AA400041EED8CF393ABD29EF6BA","AR-FB-1002","PR","Files & Binders","42010AA400041EED8CF393A96D11D6BA","2022-09-13 19:45:26.000000000","42010AA400041EED8CF393A96D11D6BA","2022-09-13 19:45:26.000000000","42010AA400041EED8CF393A96D3436BA","42010AA400041EED8CF393A96D3456BA","42010AA400041EED8CF393A96D2DB6BA","1","EA","400.000","G","EUR","4.25","/sap/public/bc/NWDEMO_MODEL/IMAGES_OFFICE/70098946.jpg","32.000","7.000","28.000","CM","","L","2023-11-03 04:08:23.377000000"
"42010AA400041EED8CF393ABD29F16BA","AR-FB-1003","PR","Files & Binders","42010AA400041EED8CF393A96D11D6BA","2022-09-13 19:45:26.000000000","42010AA400041EED8CF393A96D11D6BA","2022-09-13 19:45:26.000000000","42010AA400041EED8CF393A96D3476BA","42010AA400041EED8CF393A96D3496BA","42010AA400041EED8CF393A96D2DD6BA","1","EA","400.000","G","EUR","17.95","/sap/public/bc/NWDEMO_MODEL/IMAGES_OFFICE/70098985.jpg","32.000","7.000","28.000","CM","","L","2023-11-03 04:08:23.377000000"
"42010AA400041EED8CF393ABD29F36BA","AR-FB-1004","PR","Files & Binders","42010AA400041EED8CF393A96D11D6BA","2022-09-13 19:45:26.000000000","42010AA400041EED8CF393A96D11D6BA","2022-09-13 19:45:26.000000000","42010AA400041EED8CF393A96D34B6BA","42010AA400041EED8CF393A96D34D6BA","42010AA400041EED8CF393A96D2DF6BA","1","EA","400.000","G","EUR","4.25","/sap/public/bc/NWDEMO_MODEL/IMAGES_OFFICE/101093104.jpg","32.000","7.000","28.000","CM","","L","2023-11-03 04:08:23.377000000"
"42010AA400041EED8CF393ABD29F56BA","AR-FB-1005","PR","Files & Binders","42010AA400041EED8CF393A96D11D6BA","2022-09-13 19:45:26.000000000","42010AA400041EED8CF393A96D11D6BA","2022-09-13 19:45:26.000000000","42010AA400041EED8CF393A96D34F6BA","42010AA400041EED8CF393A96D3516BA","42010AA400041EED8CF393A96D2DD6BA","1","EA","430.000","G","EUR","4.5","/sap/public/bc/NWDEMO_MODEL/IMAGES_OFFICE/69629740.jpg","31.800","8.000","29.000","CM","","L","2023-11-03 04:08:23.377000000"
"42010AA400041EED8CF393ABD29F76BA","AR-FB-1006","PR","Files & Binders","42010AA400041EED8CF393A96D11D6BA","2022-09-13 19:45:26.000000000","42010AA400041EED8CF393A96D11D6BA","2022-09-13 19:45:26.000000000","42010AA400041EED8CF393A96D3536BA","42010AA400041EED8CF393A96D3556BA","42010AA400041EED8CF393A96D2DD6BA","1","EA","430.000","G","EUR","19.95","/sap/public/bc/NWDEMO_MODEL/IMAGES_OFFICE/69849106.jpg","31.800","8.000","29.000","CM","","L","2023-11-03 04:08:23.377000000"
"42010AA400041EED8CF393ABD29F96BA","AR-FB-1007","PR","Files & Binders","42010AA400041EED8CF393A96D11D6BA","2022-09-13 19:45:26.000000000","42010AA400041EED8CF393A96D11D6BA","2022-09-13 19:45:26.000000000","42010AA400041EED8CF393A96D3576BA","42010AA400041EED8CF393A96D3596BA","42010AA400041EED8CF393A96D2DD6BA","1","EA","450.000","G","EUR","4.1","/sap/public/bc/NWDEMO_MODEL/IMAGES_OFFICE/187076726.jpg","31.800","7.200","29.000","CM","","L","2023-11-03 04:08:23.377000000"
"42010AA400041EED8CF393ABD29FB6BA","AR-FB-1008","PR","Files & Binders","42010AA400041EED8CF393A96D11D6BA","2022-09-13 19:45:26.000000000","42010AA400041EED8CF393A96D11D6BA","2022-09-13 19:45:26.000000000","42010AA400041EED8CF393A96D35B6BA","42010AA400041EED8CF393A96D35D6BA","42010AA400041EED8CF393A96D2DD6BA","1","EA","650.000","G","EUR","6.5","/sap/public/bc/NWDEMO_MODEL/IMAGES_OFFICE/138338819.jpg","30.200","11.600","28.000","CM","","L","2023-11-03 04:08:23.377000000"
"42010AA400041EED8CF393ABD29FD6BA","AR-FB-1009","PR","Files & Binders","42010AA400041EED8CF393A96D11D6BA","2022-09-13 19:45:26.000000000","42010AA400041EED8CF393A96D11D6BA","2022-09-13 19:45:26.000000000","42010AA400041EED8CF393A96D35F6BA","42010AA400041EED8CF393A96D3616BA","42010AA400041EED8CF393A96D2DD6BA","1","EA","230.000","G","EUR","4.45","/sap/public/bc/NWDEMO_MODEL/IMAGES_OFFICE/138706490.jpg","37.000","8.000","28.500","CM","","L","2023-11-03 04:08:23.377000000"
"42010AA400041EED8CF393ABD29FF6BA","AR-FB-1010","PR","Files & Binders","42010AA400041EED8CF393A96D11D6BA","2022-09-13 19:45:26.000000000","42010AA400041EED8CF393A96D11D6BA","2022-09-13 19:45:26.000000000","42010AA400041EED8CF393A96D3636BA","42010AA400041EED8CF393A96D3656BA","42010AA400041EED8CF393A96D2D76BA","1","EA","78.000","G","EUR","2.85","/sap/public/bc/NWDEMO_MODEL/IMAGES_OFFICE/6090541.jpg","32.000","0.500","28.500","CM","","L","2023-11-03 04:08:23.377000000"
"42010AA400041EED8CF393ABD2A016BA","AR-FB-1011","PR","Files & Binders","42010AA400041EED8CF393A96D11D6BA","2022-09-13 19:45:26.000000000","42010AA400041EED8CF393A96D11D6BA","2022-09-13 19:45:26.000000000","42010AA400041EED8CF393A96D3676BA","42010AA400041EED8CF393A96D3696BA","42010AA400041EED8CF393A96D2D96BA","1","EA","78.000","G","EUR","2.85","/sap/public/bc/NWDEMO_MODEL/IMAGES_OFFICE/6086014.jpg","32.000","0.500","28.500","CM","","L","2023-11-03 04:08:23.377000000"
"42010AA400041EED8CF393ABD2A036BA","AR-FB-1012","PR","Files & Binders","42010AA400041EED8CF393A96D11D6BA","2022-09-13 19:45:26.000000000","42010AA400041EED8CF393A96D11D6BA","2022-09-13 19:45:26.000000000","42010AA400041EED8CF393A96D36B6BA","42010AA400041EED8CF393A96D36D6BA","42010AA400041EED8CF393A96D2DB6BA","1","EA","78.000","G","EUR","7.95","/sap/public/bc/NWDEMO_MODEL/IMAGES_OFFICE/5850058.jpg","32.000","0.500","28.500","CM","","L","2023-11-03 04:08:23.377000000"
"42010AA400041EED8CF393ABD2A056BA","AR-FB-1013","PR","Files & Binders","42010AA400041EED8CF393A96D11D6BA","2022-09-13 19:45:26.000000000","42010AA400041EED8CF393A96D11D6BA","2022-09-13 19:45:26.000000000","42010AA400041EED8CF393A96D36F6BA","42010AA400041EED8CF393A96D3716BA","42010AA400041EED8CF393A96D2DD6BA","1","EA","450.000","G","EUR","6.9","/sap/public/bc/NWDEMO_MODEL/IMAGES_OFFICE/135945938.jpg","33.000","7.300","24.500","CM","","L","2023-11-03 04:08:23.377000000"
"42010AA400041EED8CF393ABD2A076BA","AR-T-1000","PR","Trays","42010AA400041EED8CF393A96D11D6BA","2022-09-13 19:45:26.000000000","42010AA400041EED8CF393A96D11D6BA","2022-09-13 19:45:26.000000000","42010AA400041EED8CF393A96D3736BA","42010AA400041EED8CF393A96D3756BA","42010AA400041EED8CF393A96D2DF6BA","1","EA","338.000","G","EUR","3.89","/sap/public/bc/NWDEMO_MODEL/IMAGES_OFFICE/93722356.jpg","35.700","7.000","25.500","CM","","L","2023-11-03 04:08:23.377000000"
"42010AA400041EED8CF393ABD2A096BA","AR-T-1001","PR","Trays","42010AA400041EED8CF393A96D11D6BA","2022-09-13 19:45:26.000000000","42010AA400041EED8CF393A96D11D6BA","2022-09-13 19:45:26.000000000","42010AA400041EED8CF393A96D3776BA","42010AA400041EED8CF393A96D3796BA","42010AA400041EED8CF393A96D2DD6BA","1","EA","338.000","G","EUR","3.89","/sap/public/bc/NWDEMO_MODEL/IMAGES_OFFICE/93722356.jpg","35.700","7.000","25.500","CM","","L","2023-11-03 04:08:23.377000000"
"42010AA400041EED8CF393ABD2A0B6BA","AR-T-1002","PR","Trays","42010AA400041EED8CF393A96D11D6BA","2022-09-13 19:45:26.000000000","42010AA400041EED8CF393A96D11D6BA","2022-09-13 19:45:26.000000000","42010AA400041EED8CF393A96D37B6BA","42010AA400041EED8CF393A96D37D6BA","42010AA400041EED8CF393A96D2DD6BA","1","EA","338.000","G","EUR","3.89","/sap/public/bc/NWDEMO_MODEL/IMAGES_OFFICE/93722356.jpg","35.700","7.000","25.500","CM","","L","2023-11-03 04:08:23.377000000"
"42010AA400041EED8CF393ABD2A0D6BA","AR-T-1003","PR","Trays","42010AA400041EED8CF393A96D11D6BA","2022-09-13 19:45:26.000000000","42010AA400041EED8CF393A96D11D6BA","2022-09-13 19:45:26.000000000","42010AA400041EED8CF393A96D37F6BA","42010AA400041EED8CF393A96D3816BA","42010AA400041EED8CF393A96D2DD6BA","1","EA","1.580","KG","EUR","16.99","/sap/public/bc/NWDEMO_MODEL/IMAGES_OFFICE/93722356.jpg","35.700","35.000","25.500","CM","","L","2023-11-03 04:08:23.377000000"
"42010AA400041EED8CF393ABD2A0F6BA","AR-T-1004","PR","Trays","42010AA400041EED8CF393A96D11D6BA","2022-09-13 19:45:26.000000000","42010AA400041EED8CF393A96D11D6BA","2022-09-13 19:45:26.000000000","42010AA400041EED8CF393A96D3836BA","42010AA400041EED8CF393A96D3856BA","42010AA400041EED8CF393A96D2DD6BA","1","EA","1.140","KG","EUR","3.2","/sap/public/bc/NWDEMO_MODEL/IMAGES_OFFICE/106425146.jpg","15.500","17.500","33.000","CM","","L","2023-11-03 04:08:23.377000000"
"42010AA400041EED8CF393ABD2A116BA","AR-T-1005","PR","Trays","42010AA400041EED8CF393A96D11D6BA","2022-09-13 19:45:26.000000000","42010AA400041EED8CF393A96D11D6BA","2022-09-13 19:45:26.000000000","42010AA400041EED8CF393A96D3876BA","42010AA400041EED8CF393A96D3896BA","42010AA400041EED8CF393A96D2DD6BA","1","EA","372.000","G","EUR","4.45","/sap/public/bc/NWDEMO_MODEL/IMAGES_OFFICE/110735894.jpg","27.800","7.800","30.000","CM","","L","2023-11-03 04:08:23.377000000"
"42010AA400041EED8CF393ABD2A136BA","AR-T-1006","PR","Trays","42010AA400041EED8CF393A96D11D6BA","2022-09-13 19:45:26.000000000","42010AA400041EED8CF393A96D11D6BA","2022-09-13 19:45:26.000000000","42010AA400041EED8CF393A96D38B6BA","42010AA400041EED8CF393A96D38D6BA","42010AA400041EED8CF393A96D2D76BA","1","EA","372.000","G","EUR","4.45","/sap/public/bc/NWDEMO_MODEL/IMAGES_OFFICE/146147657.jpg","27.800","7.800","30.000","CM","","L","2023-11-03 04:08:23.377000000"
"42010AA400041EED8CF393ABD2A156BA","AR-T-1007","PR","Trays","42010AA400041EED8CF393A96D11D6BA","2022-09-13 19:45:26.000000000","42010AA400041EED8CF393A96D11D6BA","2022-09-13 19:45:26.000000000","42010AA400041EED8CF393A96D38F6BA","42010AA400041EED8CF393A96D3916BA","42010AA400041EED8CF393A96D2D96BA","1","EA","372.000","G","EUR","4.45","/sap/public/bc/NWDEMO_MODEL/IMAGES_OFFICE/115723648.jpg","27.800","7.800","30.000","CM","","L","2023-11-03 04:08:23.377000000"
"42010AA400041EED8CF393ABD2A176BA","AR-T-1008","PR","Trays","42010AA400041EED8CF393A96D11D6BA","2022-09-13 19:45:26.000000000","42010AA400041EED8CF393A96D11D6BA","2022-09-13 19:45:26.000000000","42010AA400041EED8CF393A96D3936BA","42010AA400041EED8CF393A96D3956BA","42010AA400041EED8CF393A96D2DB6BA","1","EA","429.000","G","EUR","3.99","/sap/public/bc/NWDEMO_MODEL/IMAGES_OFFICE/71669227.jpg","26.600","10.000","30.000","CM","","L","2023-11-03 04:08:23.377000000"
"42010AA400041EED8CF393ABD2A196BA","MP-M-1000","PR","Miscellaneous","42010AA400041EED8CF393A96D11D6BA","2022-09-13 19:45:26.000000000","42010AA400041EED8CF393A96D11D6BA","2022-09-13 19:45:26.000000000","42010AA400041EED8CF393A96D3976BA","42010AA400041EED8CF393A96D3996BA","42010AA400041EED8CF393A96D2DD6BA","1","EA","110.000","G","EUR","5.8","/sap/public/bc/NWDEMO_MODEL/IMAGES_OFFICE/183562493.jpg","29.700","1.500","21.000","CM","","L","2023-11-03 04:08:23.377000000"
"42010AA400041EED8CF393ABD2A1B6BA","MP-M-1001","PR","Miscellaneous","42010AA400041EED8CF393A96D11D6BA","2022-09-13 19:45:26.000000000","42010AA400041EED8CF393A96D11D6BA","2022-09-13 19:45:26.000000000","42010AA400041EED8CF393A96D39B6BA","42010AA400041EED8CF393A96D39D6BA","42010AA400041EED8CF393A96D2DF6BA","1","EA","550.000","G","EUR","19.99","/sap/public/bc/NWDEMO_MODEL/IMAGES_OFFICE/94708309.jpg","29.700","5.000","21.000","CM","","L","2023-11-03 04:08:23.377000000"
"42010AA400041EED8CF393ABD2A1D6BA","MP-W-1000","PR","Whiteboards & Whiteboard Cleaner","42010AA400041EED8CF393A96D11D6BA","2022-09-13 19:45:26.000000000","42010AA400041EED8CF393A96D11D6BA","2022-09-13 19:45:26.000000000","42010AA400041EED8CF393A96D39F6BA","42010AA400041EED8CF393A96D3A16BA","42010AA400041EED8CF393A96D2DD6BA","1","EA","160.000","G","EUR","9.9","/sap/public/bc/NWDEMO_MODEL/IMAGES_OFFICE/173368007.jpg","2.300","10.000","5.000","CM","","L","2023-11-03 04:08:23.377000000"
"42010AA400041EED8CF393ABD2A1F6BA","MP-W-1001","PR","Whiteboards & Whiteboard Cleaner","42010AA400041EED8CF393A96D11D6BA","2022-09-13 19:45:26.000000000","42010AA400041EED8CF393A96D11D6BA","2022-09-13 19:45:26.000000000","42010AA400041EED8CF393A96D3A36BA","42010AA400041EED8CF393A96D3A56BA","42010AA400041EED8CF393A96D2DD6BA","1","EA","40.000","G","EUR","12.2","/sap/public/bc/NWDEMO_MODEL/IMAGES_OFFICE/192734246.jpg","20.000","80.000","28.000","MM","","L","2023-11-03 04:08:23.377000000"
"42010AA400041EED8CF393ABD2A216BA","MP-W-1002","PR","Whiteboards & Whiteboard Cleaner","42010AA400041EED8CF393A96D11D6BA","2022-09-13 19:45:26.000000000","42010AA400041EED8CF393A96D11D6BA","2022-09-13 19:45:26.000000000","42010AA400041EED8CF393A96D3A76BA","42010AA400041EED8CF393A96D3A96BA","42010AA400041EED8CF393A96D2DD6BA","1","EA","350.000","G","EUR","1.9","/sap/public/bc/NWDEMO_MODEL/IMAGES_OFFICE/100763566.jpg","21.000","5.100","5.100","CM","","L","2023-11-03 04:08:23.377000000"
"42010AA400041EED8CF393ABD2A236BA","MP-W-1003","PR","Whiteboards & Whiteboard Cleaner","42010AA400041EED8CF393A96D11D6BA","2022-09-13 19:45:26.000000000","42010AA400041EED8CF393A96D11D6BA","2022-09-13 19:45:26.000000000","42010AA400041EED8CF393A96D3AB6BA","42010AA400041EED8CF393A96D3AD6BA","42010AA400041EED8CF393A96D2DD6BA","1","EA","13.900","KG","EUR","73","/sap/public/bc/NWDEMO_MODEL/IMAGES_OFFICE/136763456.jpg","90.000","12.500","120.000","CM","","L","2023-11-03 04:08:23.377000000"
"42010AA400041EED8CF393ABD2A256BA","MP-W-1004","PR","Whiteboards & Whiteboard Cleaner","42010AA400041EED8CF393A96D11D6BA","2022-09-13 19:45:26.000000000","42010AA400041EED8CF393A96D11D6BA","2022-09-13 19:45:26.000000000","42010AA400041EED8CF393A96D3AF6BA","42010AA400041EED8CF393A96D3B16BA","42010AA400041EED8CF393A96D2DD6BA","1","EA","12.400","KG","EUR","59","/sap/public/bc/NWDEMO_MODEL/IMAGES_OFFICE/208699177.jpg","90.000","11.500","120.000","CM","","L","2023-11-03 04:08:23.377000000"
"42010AA400041EED8CF393ABD2A276BA","MP-WM-1000","PR","Whiteboard Marker","42010AA400041EED8CF393A96D11D6BA","2022-09-13 19:45:26.000000000","42010AA400041EED8CF393A96D11D6BA","2022-09-13 19:45:26.000000000","42010AA400041EED8CF393A96D3B36BA","42010AA400041EED8CF393A96D3B56BA","42010AA400041EED8CF393A96D2D76BA","1","EA","0.000","","EUR","1.3","/sap/public/bc/NWDEMO_MODEL/IMAGES_OFFICE/92611420.jpg","0.000","0.000","0.000","","","L","2023-11-03 04:08:23.377000000"
"42010AA400041EED8CF393ABD2A296BA","MP-WM-1001","PR","Whiteboard Marker","42010AA400041EED8CF393A96D11D6BA","2022-09-13 19:45:26.000000000","42010AA400041EED8CF393A96D11D6BA","2022-09-13 19:45:26.000000000","42010AA400041EED8CF393A96D3B76BA","42010AA400041EED8CF393A96D3B96BA","42010AA400041EED8CF393A96D2D96BA","1","EA","0.000","","EUR","3.98","/sap/public/bc/NWDEMO_MODEL/IMAGES_OFFICE/53578828.jpg","0.000","0.000","0.000","","","L","2023-11-03 04:08:23.377000000"
"42010AA400041EED8CF393ABD2A2B6BA","MP-WM-1002","PR","Whiteboard Marker","42010AA400041EED8CF393A96D11D6BA","2022-09-13 19:45:26.000000000","42010AA400041EED8CF393A96D11D6BA","2022-09-13 19:45:26.000000000","42010AA400041EED8CF393A96D3BB6BA","42010AA400041EED8CF393A96D3BD6BA","42010AA400041EED8CF393A96D2DB6BA","1","EA","0.000","","EUR","1.95","/sap/public/bc/NWDEMO_MODEL/IMAGES_OFFICE/125588834.jpg","0.000","0.000","0.000","","","L","2023-11-03 04:08:23.377000000"
"42010AA400041EED8CF393ABD2A2D6BA","MP-WM-1003","PR","Whiteboard Marker","42010AA400041EED8CF393A96D11D6BA","2022-09-13 19:45:26.000000000","42010AA400041EED8CF393A96D11D6BA","2022-09-13 19:45:26.000000000","42010AA400041EED8CF393A96D3BF6BA","42010AA400041EED8CF393A96D3C16BA","42010AA400041EED8CF393A96D2DD6BA","1","EA","0.000","","EUR","1.95","/sap/public/bc/NWDEMO_MODEL/IMAGES_OFFICE/124170526.jpg","0.000","0.000","0.000","","","L","2023-11-03 04:08:23.377000000"
"42010AA400041EED8CF393ABD2A2F6BA","MP-M-1002","PR","Miscellaneous","42010AA400041EED8CF393A96D11D6BA","2022-09-13 19:45:26.000000000","42010AA400041EED8CF393A96D11D6BA","2022-09-13 19:45:26.000000000","42010AA400041EED8CF393A96D3C36BA","42010AA400041EED8CF393A96D3C56BA","42010AA400041EED8CF393A96D2DF6BA","1","EA","0.000","","EUR","36.3","/sap/public/bc/NWDEMO_MODEL/IMAGES_OFFICE/136640195.jpg","0.000","0.000","0.000","","","L","2023-11-03 04:08:23.377000000"
"42010AA400041EED8CF393ABD2A316BA","MP-M-1003","PR","Miscellaneous","42010AA400041EED8CF393A96D11D6BA","2022-09-13 19:45:26.000000000","42010AA400041EED8CF393A96D11D6BA","2022-09-13 19:45:26.000000000","42010AA400041EED8CF393A96D3C76BA","42010AA400041EED8CF393A96D3C96BA","42010AA400041EED8CF393A96D2DD6BA","1","EA","0.000","","EUR","28.99","/sap/public/bc/NWDEMO_MODEL/IMAGES_OFFICE/85443133.jpg","0.000","0.000","0.000","","","L","2023-11-03 04:08:23.377000000"
"42010AA400041EED8CF393ABD2A336BA","PP-CP-1000","PR","Copier & Printer Paper","42010AA400041EED8CF393A96D11D6BA","2022-09-13 19:45:26.000000000","42010AA400041EED8CF393A96D11D6BA","2022-09-13 19:45:26.000000000","42010AA400041EED8CF393A96D3CB6BA","42010AA400041EED8CF393A96D3CD6BA","42010AA400041EED8CF393A96D2DD6BA","1","EA","2.620","KG","EUR","3.49","/sap/public/bc/NWDEMO_MODEL/IMAGES_OFFICE/79109380.jpg","22.300","5.500","35.200","CM","","L","2023-11-03 04:08:23.377000000"
"42010AA400041EED8CF393ABD2A356BA","PP-CP-1001","PR","Copier & Printer Paper","42010AA400041EED8CF393A96D11D6BA","2022-09-13 19:45:26.000000000","42010AA400041EED8CF393A96D11D6BA","2022-09-13 19:45:26.000000000","42010AA400041EED8CF393A96D3CF6BA","42010AA400041EED8CF393A96D3D16BA","42010AA400041EED8CF393A96D2DD6BA","1","EA","2.620","KG","EUR","6.2","/sap/public/bc/NWDEMO_MODEL/IMAGES_OFFICE/19786057.jpg","22.300","5.500","35.200","CM","","L","2023-11-03 04:08:23.377000000"
"42010AA400041EED8CF393ABD2A376BA","PP-CP-1002","PR","Copier & Printer Paper","42010AA400041EED8CF393A96D11D6BA","2022-09-13 19:45:26.000000000","42010AA400041EED8CF393A96D11D6BA","2022-09-13 19:45:26.000000000","42010AA400041EED8CF393A96D3D36BA","42010AA400041EED8CF393A96D3D56BA","42010AA400041EED8CF393A96D2DD6BA","1","EA","1.410","KG","EUR","6.89","/sap/public/bc/NWDEMO_MODEL/IMAGES_OFFICE/57945688.jpg","22.300","3.200","35.200","CM","","L","2023-11-03 04:08:23.377000000"
"42010AA400041EED8CF393ABD2A396BA","PP-CP-1003","PR","Copier & Printer Paper","42010AA400041EED8CF393A96D11D6BA","2022-09-13 19:45:26.000000000","42010AA400041EED8CF393A96D11D6BA","2022-09-13 19:45:26.000000000","42010AA400041EED8CF393A96D3D76BA","42010AA400041EED8CF393A96D3D96BA","42010AA400041EED8CF393A96D2DD6BA","1","EA","1.410","KG","EUR","6.89","/sap/public/bc/NWDEMO_MODEL/IMAGES_OFFICE/171074102.jpg","22.300","3.200","35.200","CM","","L","2023-11-03 04:08:23.377000000"
"42010AA400041EED8CF393ABD2A3B6BA","PP-CP-1004","PR","Copier & Printer Paper","42010AA400041EED8CF393A96D11D6BA","2022-09-13 19:45:26.000000000","42010AA400041EED8CF393A96D11D6BA","2022-09-13 19:45:26.000000000","42010AA400041EED8CF393A96D3DB6BA","42010AA400041EED8CF393A96D3DD6BA","42010AA400041EED8CF393A96D2D76BA","1","EA","1.410","KG","EUR","5.9","/sap/public/bc/NWDEMO_MODEL/IMAGES_OFFICE/152550938.jpg","22.300","3.200","35.200","CM","","L","2023-11-03 04:08:23.377000000"
"42010AA400041EED8CF393ABD2A3D6BA","PP-CP-1005","PR","Copier & Printer Paper","42010AA400041EED8CF393A96D11D6BA","2022-09-13 19:45:26.000000000","42010AA400041EED8CF393A96D11D6BA","2022-09-13 19:45:26.000000000","42010AA400041EED8CF393A96D3DF6BA","42010AA400041EED8CF393A96D3E16BA","42010AA400041EED8CF393A96D2D96BA","1","EA","1.410","KG","EUR","5.9","/sap/public/bc/NWDEMO_MODEL/IMAGES_OFFICE/152550938.jpg","22.300","3.200","35.200","CM","","L","2023-11-03 04:08:23.377000000"
"42010AA400041EED8CF393ABD2A3F6BA","PP-CP-1006","PR","Copier & Printer Paper","42010AA400041EED8CF393A96D11D6BA","2022-09-13 19:45:26.000000000","42010AA400041EED8CF393A96D11D6BA","2022-09-13 19:45:26.000000000","42010AA400041EED8CF393A96D3E36BA","42010AA400041EED8CF393A96D3E56BA","42010AA400041EED8CF393A96D2DB6BA","1","EA","1.410","KG","EUR","5.9","/sap/public/bc/NWDEMO_MODEL/IMAGES_OFFICE/152550938.jpg","22.300","3.200","35.200","CM","","L","2023-11-03 04:08:23.377000000"
"42010AA400041EED8CF393ABD2A416BA","PP-CP-1007","PR","Copier & Printer Paper","42010AA400041EED8CF393A96D11D6BA","2022-09-13 19:45:26.000000000","42010AA400041EED8CF393A96D11D6BA","2022-09-13 19:45:26.000000000","42010AA400041EED8CF393A96D3E76BA","42010AA400041EED8CF393A96D3E96BA","42010AA400041EED8CF393A96D2DD6BA","1","EA","1.410","KG","EUR","5.9","/sap/public/bc/NWDEMO_MODEL/IMAGES_OFFICE/152550938.jpg","22.300","3.200","35.200","CM","","L","2023-11-03 04:08:23.377000000"
"42010AA400041EED8CF393ABD2A436BA","PP-CP-1008","PR","Copier & Printer Paper","42010AA400041EED8CF393A96D11D6BA","2022-09-13 19:45:26.000000000","42010AA400041EED8CF393A96D11D6BA","2022-09-13 19:45:26.000000000","42010AA400041EED8CF393A96D3EB6BA","42010AA400041EED8CF393A96D3ED6BA","42010AA400041EED8CF393A96D2DF6BA","1","EA","1.410","KG","EUR","5.9","/sap/public/bc/NWDEMO_MODEL/IMAGES_OFFICE/152550938.jpg","22.300","3.200","35.200","CM","","L","2023-11-03 04:08:23.377000000"
"42010AA400041EED8CF393ABD2A456BA","PP-CP-1009","PR","Copier & Printer Paper","42010AA400041EED8CF393A96D11D6BA","2022-09-13 19:45:26.000000000","42010AA400041EED8CF393A96D11D6BA","2022-09-13 19:45:26.000000000","42010AA400041EED8CF393A96D3EF6BA","42010AA400041EED8CF393A96D3F16BA","42010AA400041EED8CF393A96D2DD6BA","1","EA","1.410","KG","EUR","5.9","/sap/public/bc/NWDEMO_MODEL/IMAGES_OFFICE/152550938.jpg","22.300","3.200","35.200","CM","","L","2023-11-03 04:08:23.377000000"
"42010AA400041EED8CF393ABD2A476BA","PP-CP-1010","PR","Copier & Printer Paper","42010AA400041EED8CF393A96D11D6BA","2022-09-13 19:45:26.000000000","42010AA400041EED8CF393A96D11D6BA","2022-09-13 19:45:26.000000000","42010AA400041EED8CF393A96D3F36BA","42010AA400041EED8CF393A96D3F56BA","42010AA400041EED8CF393A96D2DD6BA","1","EA","1.410","KG","EUR","5.9","/sap/public/bc/NWDEMO_MODEL/IMAGES_OFFICE/152550938.jpg","22.300","3.200","35.200","CM","","L","2023-11-03 04:08:23.377000000"
"42010AA400041EED8CF393ABD2A496BA","PP-CP-1011","PR","Copier & Printer Paper","42010AA400041EED8CF393A96D11D6BA","2022-09-13 19:45:26.000000000","42010AA400041EED8CF393A96D11D6BA","2022-09-13 19:45:26.000000000","42010AA400041EED8CF393A96D3F76BA","42010AA400041EED8CF393A96D3F96BA","42010AA400041EED8CF393A96D2DD6BA","1","EA","1.410","KG","EUR","5.9","/sap/public/bc/NWDEMO_MODEL/IMAGES_OFFICE/152550938.jpg","22.300","3.200","35.200","CM","","L","2023-11-03 04:08:23.377000000"
"42010AA400041EED8CF393ABD2A4B6BA","PP-CP-1012","PR","Copier & Printer Paper","42010AA400041EED8CF393A96D11D6BA","2022-09-13 19:45:26.000000000","42010AA400041EED8CF393A96D11D6BA","2022-09-13 19:45:26.000000000","42010AA400041EED8CF393A96D3FB6BA","42010AA400041EED8CF393A96D3FD6BA","42010AA400041EED8CF393A96D2DD6BA","1","EA","1.410","KG","EUR","5.9","/sap/public/bc/NWDEMO_MODEL/IMAGES_OFFICE/152550938.jpg","22.300","3.200","35.200","CM","","L","2023-11-03 04:08:23.377000000"
"42010AA400041EED8CF393ABD2A4D6BA","PP-CP-1013","PR","Copier & Printer Paper","42010AA400041EED8CF393A96D11D6BA","2022-09-13 19:45:26.000000000","42010AA400041EED8CF393A96D11D6BA","2022-09-13 19:45:26.000000000","42010AA400041EED8CF393A96D3FF6BA","42010AA400041EED8CF393A96D4016BA","42010AA400041EED8CF393A96D2DD6BA","1","EA","1.410","KG","EUR","5.9","/sap/public/bc/NWDEMO_MODEL/IMAGES_OFFICE/152550938.jpg","22.300","3.200","35.200","CM","","L","2023-11-03 04:08:23.377000000"
"42010AA400041EED8CF393ABD2A4F6BA","PP-CP-1014","PR","Copier & Printer Paper","42010AA400041EED8CF393A96D11D6BA","2022-09-13 19:45:26.000000000","42010AA400041EED8CF393A96D11D6BA","2022-09-13 19:45:26.000000000","42010AA400041EED8CF393A96D4036BA","42010AA400041EED8CF393A96D4056BA","42010AA400041EED8CF393A96D2D76BA","1","EA","1.410","KG","EUR","5.9","/sap/public/bc/NWDEMO_MODEL/IMAGES_OFFICE/152550938.jpg","22.300","3.200","35.200","CM","","L","2023-11-03 04:08:23.377000000"
"42010AA400041EED8CF393ABD2A516BA","PP-CP-1015","PR","Copier & Printer Paper","42010AA400041EED8CF393A96D11D6BA","2022-09-13 19:45:26.000000000","42010AA400041EED8CF393A96D11D6BA","2022-09-13 19:45:26.000000000","42010AA400041EED8CF393A96D4076BA","42010AA400041EED8CF393A96D4096BA","42010AA400041EED8CF393A96D2D96BA","1","EA","1.410","KG","EUR","5.9","/sap/public/bc/NWDEMO_MODEL/IMAGES_OFFICE/152550938.jpg","22.300","3.200","35.200","CM","","L","2023-11-03 04:08:23.377000000"
"42010AA400041EED8CF393ABD2A536BA","PP-CP-1016","PR","Copier & Printer Paper","42010AA400041EED8CF393A96D11D6BA","2022-09-13 19:45:26.000000000","42010AA400041EED8CF393A96D11D6BA","2022-09-13 19:45:26.000000000","42010AA400041EED8CF393A96D40B6BA","42010AA400041EED8CF393A96D40D6BA","42010AA400041EED8CF393A96D2DB6BA","1","EA","1.410","KG","EUR","5.9","/sap/public/bc/NWDEMO_MODEL/IMAGES_OFFICE/152550938.jpg","22.300","3.200","35.200","CM","","L","2023-11-03 04:08:23.377000000"
"42010AA400041EED8CF393ABD2A556BA","PP-NB-1000","PR","Note Books & Paper","42010AA400041EED8CF393A96D11D6BA","2022-09-13 19:45:26.000000000","42010AA400041EED8CF393A96D11D6BA","2022-09-13 19:45:26.000000000","42010AA400041EED8CF393A96D40F6BA","42010AA400041EED8CF393A96D4116BA","42010AA400041EED8CF393A96D2DD6BA","1","EA","0.630","KG","EUR","2.59","/sap/public/bc/NWDEMO_MODEL/IMAGES_OFFICE/28516651.jpg","10.000","20.000","10.000","CM","","L","2023-11-03 04:08:23.377000000"
"42010AA400041EED8CF393ABD2A576BA","PP-NB-1001","PR","Note Books & Paper","42010AA400041EED8CF393A96D11D6BA","2022-09-13 19:45:26.000000000","42010AA400041EED8CF393A96D11D6BA","2022-09-13 19:45:26.000000000","42010AA400041EED8CF393A96D4136BA","42010AA400041EED8CF393A96D4156BA","42010AA400041EED8CF393A96D2DF6BA","1","EA","950.000","G","EUR","3.9","/sap/public/bc/NWDEMO_MODEL/IMAGES_OFFICE/154104992.jpg","10.000","20.000","10.000","CM","","L","2023-11-03 04:08:23.377000000"
"42010AA400041EED8CF393ABD2A596BA","PP-NB-1002","PR","Note Books & Paper","42010AA400041EED8CF393A96D11D6BA","2022-09-13 19:45:26.000000000","42010AA400041EED8CF393A96D11D6BA","2022-09-13 19:45:26.000000000","42010AA400041EED8CF393A96D4176BA","42010AA400041EED8CF393A96D4196BA","42010AA400041EED8CF393A96D2DD6BA","1","EA","730.000","G","EUR","2.7","/sap/public/bc/NWDEMO_MODEL/IMAGES_OFFICE/24946363.jpg","10.000","20.000","10.000","CM","","L","2023-11-03 04:08:23.377000000"
"42010AA400041EED8CF393ABD2A5B6BA","PP-NB-1003","PR","Note Books & Paper","42010AA400041EED8CF393A96D11D6BA","2022-09-13 19:45:26.000000000","42010AA400041EED8CF393A96D11D6BA","2022-09-13 19:45:26.000000000","42010AA400041EED8CF393A96D41B6BA","42010AA400041EED8CF393A96D41D6BA","42010AA400041EED8CF393A96D2DD6BA","1","EA","950.000","G","EUR","4.2","/sap/public/bc/NWDEMO_MODEL/IMAGES_OFFICE/24634312.jpg","10.000","20.000","10.000","CM","","L","2023-11-03 04:08:23.377000000"
"42010AA400041EED8CF393ABD2A5D6BA","PP-NB-1004","PR","Note Books & Paper","42010AA400041EED8CF393A96D11D6BA","2022-09-13 19:45:26.000000000","42010AA400041EED8CF393A96D11D6BA","2022-09-13 19:45:26.000000000","42010AA400041EED8CF393A96D41F6BA","42010AA400041EED8CF393A96D4216BA","42010AA400041EED8CF393A96D2DD6BA","1","EA","110.000","G","EUR","3.45","/sap/public/bc/NWDEMO_MODEL/IMAGES_OFFICE/47118280.jpg","30.000","2.000","21.000","CM","","L","2023-11-03 04:08:23.377000000"
"42010AA400041EED8CF393ABD2A5F6BA","PP-NB-1005","PR","Note Books & Paper","42010AA400041EED8CF393A96D11D6BA","2022-09-13 19:45:26.000000000","42010AA400041EED8CF393A96D11D6BA","2022-09-13 19:45:26.000000000","42010AA400041EED8CF393A96D4236BA","42010AA400041EED8CF393A96D4256BA","42010AA400041EED8CF393A96D2DD6BA","1","EA","110.000","G","EUR","2.8","/sap/public/bc/NWDEMO_MODEL/IMAGES_OFFICE/3491711.jpg","30.000","2.000","21.000","CM","","L","2023-11-03 04:08:23.377000000"
"42010AA400041EED8CF393ABD2A616BA","PP-NB-1006","PR","Note Books & Paper","42010AA400041EED8CF393A96D11D6BA","2022-09-13 19:45:26.000000000","42010AA400041EED8CF393A96D11D6BA","2022-09-13 19:45:26.000000000","42010AA400041EED8CF393A96D4276BA","42010AA400041EED8CF393A96D4296BA","42010AA400041EED8CF393A96D2DD6BA","1","EA","110.000","G","EUR","2.8","/sap/public/bc/NWDEMO_MODEL/IMAGES_OFFICE/210340546.jpg","30.000","2.000","21.000","CM","","L","2023-11-03 04:08:23.377000000"
"42010AA400041EED8CF393ABD2A636BA","PP-WP-1000","PR","Writing Pads","42010AA400041EED8CF393A96D11D6BA","2022-09-13 19:45:26.000000000","42010AA400041EED8CF393A96D11D6BA","2022-09-13 19:45:26.000000000","42010AA400041EED8CF393A96D42B6BA","42010AA400041EED8CF393A96D42D6BA","42010AA400041EED8CF393A96D2D76BA","1","EA","625.000","G","EUR","26.9","/sap/public/bc/NWDEMO_MODEL/IMAGES_OFFICE/43441621.jpg","30.000","20.000","21.000","CM","","L","2023-11-03 04:08:23.377000000"
"42010AA400041EED8CF393ABD2A656BA","PP-WP-1001","PR","Writing Pads","42010AA400041EED8CF393A96D11D6BA","2022-09-13 19:45:26.000000000","42010AA400041EED8CF393A96D11D6BA","2022-09-13 19:45:26.000000000","42010AA400041EED8CF393A96D42F6BA","42010AA400041EED8CF393A96D4316BA","42010AA400041EED8CF393A96D2D96BA","1","EA","50.000","G","EUR","2.1","/sap/public/bc/NWDEMO_MODEL/IMAGES_OFFICE/71012068.jpg","14.800","0.800","10.500","CM","","L","2023-11-03 04:08:23.377000000"
"42010AA400041EED8CF393ABD2A676BA","PP-WP-1002","PR","Writing Pads","42010AA400041EED8CF393A96D11D6BA","2022-09-13 19:45:26.000000000","42010AA400041EED8CF393A96D11D6BA","2022-09-13 19:45:26.000000000","42010AA400041EED8CF393A96D4336BA","42010AA400041EED8CF393A96D4356BA","42010AA400041EED8CF393A96D2DB6BA","1","EA","130.000","G","EUR","2.5","/sap/public/bc/NWDEMO_MODEL/IMAGES_OFFICE/148683722.jpg","30.000","1.600","21.000","CM","","L","2023-11-03 04:08:23.377000000"
"42010AA400041EED8CF393ABD2A696BA","PP-WP-1003","PR","Writing Pads","42010AA400041EED8CF393A96D11D6BA","2022-09-13 19:45:26.000000000","42010AA400041EED8CF393A96D11D6BA","2022-09-13 19:45:26.000000000","42010AA400041EED8CF393A96D4376BA","42010AA400041EED8CF393A96D4396BA","42010AA400041EED8CF393A96D2DD6BA","1","EA","50.000","G","EUR","2.5","/sap/public/bc/NWDEMO_MODEL/IMAGES_OFFICE/95799757.jpg","14.800","0.800","10.500","CM","","L","2023-11-03 04:08:23.377000000"
"42010AA400041EED8CF393ABD2A6B6BA","PP-NB-1007","PR","Note Books & Paper","42010AA400041EED8CF393A96D11D6BA","2022-09-13 19:45:26.000000000","42010AA400041EED8CF393A96D11D6BA","2022-09-13 19:45:26.000000000","42010AA400041EED8CF393A96D43B6BA","42010AA400041EED8CF393A96D43D6BA","42010AA400041EED8CF393A96D2DF6BA","1","EA","142.000","G","EUR","5.2","/sap/public/bc/NWDEMO_MODEL/IMAGES_OFFICE/55478758.jpg","14.800","1.700","10.500","CM","","L","2023-11-03 04:08:23.377000000"
"42010AA400041EED8CF393ABD2A6D6BA","PP-NB-1008","PR","Note Books & Paper","42010AA400041EED8CF393A96D11D6BA","2022-09-13 19:45:26.000000000","42010AA400041EED8CF393A96D11D6BA","2022-09-13 19:45:26.000000000","42010AA400041EED8CF393A96D43F6BA","42010AA400041EED8CF393A96D4416BA","42010AA400041EED8CF393A96D2DD6BA","1","EA","142.000","G","EUR","5.2","/sap/public/bc/NWDEMO_MODEL/IMAGES_OFFICE/55798963.jpg","14.800","1.700","10.500","CM","","L","2023-11-03 04:08:23.377000000"
"42010AA400041EED8CF393ABD2A6F6BA","PP-NB-1009","PR","Note Books & Paper","42010AA400041EED8CF393A96D11D6BA","2022-09-13 19:45:26.000000000","42010AA400041EED8CF393A96D11D6BA","2022-09-13 19:45:26.000000000","42010AA400041EED8CF393A96D4436BA","42010AA400041EED8CF393A96D4456BA","42010AA400041EED8CF393A96D2DD6BA","1","EA","142.000","G","EUR","5.2","/sap/public/bc/NWDEMO_MODEL/IMAGES_OFFICE/55685479.jpg","14.800","1.700","10.500","CM","","L","2023-11-03 04:08:23.377000000"
"42010AA400041EED8CF393ABD2A716BA","PP-NB-1010","PR","Note Books & Paper","42010AA400041EED8CF393A96D11D6BA","2022-09-13 19:45:26.000000000","42010AA400041EED8CF393A96D11D6BA","2022-09-13 19:45:26.000000000","42010AA400041EED8CF393A96D4476BA","42010AA400041EED8CF393A96D4496BA","42010AA400041EED8CF393A96D2DD6BA","1","EA","142.000","G","EUR","5.2","/sap/public/bc/NWDEMO_MODEL/IMAGES_OFFICE/55532728.jpg","14.800","1.700","10.500","CM","","L","2023-11-03 04:08:23.377000000"
"42010AA400041EED8CF393ABD2A736BA","PP-NB-1011","PR","Note Books & Paper","42010AA400041EED8CF393A96D11D6BA","2022-09-13 19:45:26.000000000","42010AA400041EED8CF393A96D11D6BA","2022-09-13 19:45:26.000000000","42010AA400041EED8CF393A96D44B6BA","42010AA400041EED8CF393A96D44D6BA","42010AA400041EED8CF393A96D2DD6BA","1","EA","710.000","G","EUR","7.99","/sap/public/bc/NWDEMO_MODEL/IMAGES_OFFICE/516195142.jpg","25.500","2.800","19.000","CM","","L","2023-11-03 04:08:23.377000000"
"42010AA400041EED8CF393ABD2A756BA","PP-NB-1012","PR","Note Books & Paper","42010AA400041EED8CF393A96D11D6BA","2022-09-13 19:45:26.000000000","42010AA400041EED8CF393A96D11D6BA","2022-09-13 19:45:26.000000000","42010AA400041EED8CF393A96D44F6BA","42010AA400041EED8CF393A96D4516BA","42010AA400041EED8CF393A96D2DD6BA","1","EA","711.000","G","EUR","7.99","/sap/public/bc/NWDEMO_MODEL/IMAGES_OFFICE/518454619.jpg","25.000","2.800","18.000","CM","","L","2023-11-03 04:08:23.377000000"
"42010AA400041EED8CF393ABD2A776BA","PP-NB-1013","PR","Note Books & Paper","42010AA400041EED8CF393A96D11D6BA","2022-09-13 19:45:26.000000000","42010AA400041EED8CF393A96D11D6BA","2022-09-13 19:45:26.000000000","42010AA400041EED8CF393A96D4536BA","42010AA400041EED8CF393A96D4556BA","42010AA400041EED8CF393A96D2D76BA","1","EA","850.000","G","EUR","17.2","/sap/public/bc/NWDEMO_MODEL/IMAGES_OFFICE/190745555.jpg","21.000","2.900","15.100","CM","","L","2023-11-03 04:08:23.377000000"
"42010AA400041EED8CF393ABD2A796BA","PP-SN-1000","PR","Sticky Notes","42010AA400041EED8CF393A96D11D6BA","2022-09-13 19:45:26.000000000","42010AA400041EED8CF393A96D11D6BA","2022-09-13 19:45:26.000000000","42010AA400041EED8CF393A96D4576BA","42010AA400041EED8CF393A96D4596BA","42010AA400041EED8CF393A96D2D96BA","1","EA","200.000","G","EUR","9.9","/sap/public/bc/NWDEMO_MODEL/IMAGES_OFFICE/126016010.jpg","7.600","6.600","7.600","CM","","L","2023-11-03 04:08:23.377000000"
"42010AA400041EED8CF393ABD2A7B6BA","PP-SN-1001","PR","Sticky Notes","42010AA400041EED8CF393A96D11D6BA","2022-09-13 19:45:26.000000000","42010AA400041EED8CF393A96D11D6BA","2022-09-13 19:45:26.000000000","42010AA400041EED8CF393A96D45B6BA","42010AA400041EED8CF393A96D45D6BA","42010AA400041EED8CF393A96D2DB6BA","1","EA","240.000","G","EUR","4.5","/sap/public/bc/NWDEMO_MODEL/IMAGES_OFFICE/96285653.jpg","7.600","8.600","7.600","CM","","L","2023-11-03 04:08:23.377000000"
"42010AA400041EED8CF393ABD2A7D6BA","PP-SN-1002","PR","Sticky Notes","42010AA400041EED8CF393A96D11D6BA","2022-09-13 19:45:26.000000000","42010AA400041EED8CF393A96D11D6BA","2022-09-13 19:45:26.000000000","42010AA400041EED8CF393A96D45F6BA","42010AA400041EED8CF393A96D4616BA","42010AA400041EED8CF393A96D2DD6BA","1","EA","200.000","G","EUR","12.5","/sap/public/bc/NWDEMO_MODEL/IMAGES_OFFICE/340137137.jpg","7.600","6.600","7.600","CM","","L","2023-11-03 04:08:23.377000000"
"42010AA400041EED8CF393ABD2A7F6BA","PP-SN-1003","PR","Sticky Notes","42010AA400041EED8CF393A96D11D6BA","2022-09-13 19:45:26.000000000","42010AA400041EED8CF393A96D11D6BA","2022-09-13 19:45:26.000000000","42010AA400041EED8CF393A96D4636BA","42010AA400041EED8CF393A96D4656BA","42010AA400041EED8CF393A96D2DF6BA","1","EA","120.000","G","EUR","3.9","/sap/public/bc/NWDEMO_MODEL/IMAGES_OFFICE/71334310.jpg","7.300","6.600","7.300","CM","","L","2023-11-03 04:08:23.377000000"
"42010AA400041EED8CF393ABD2A816BA","PP-SN-1004","PR","Sticky Notes","42010AA400041EED8CF393A96D11D6BA","2022-09-13 19:45:26.000000000","42010AA400041EED8CF393A96D11D6BA","2022-09-13 19:45:26.000000000","42010AA400041EED8CF393A96D4676BA","42010AA400041EED8CF393A96D4696BA","42010AA400041EED8CF393A96D2DD6BA","1","EA","120.000","G","EUR","3.9","/sap/public/bc/NWDEMO_MODEL/IMAGES_OFFICE/123092584.jpg","7.300","6.600","7.300","CM","","L","2023-11-03 04:08:23.377000000"
"42010AA400041EED8CF393ABD2A836BA","PP-SN-1005","PR","Sticky Notes","42010AA400041EED8CF393A96D11D6BA","2022-09-13 19:45:26.000000000","42010AA400041EED8CF393A96D11D6BA","2022-09-13 19:45:26.000000000","42010AA400041EED8CF393A96D46B6BA","42010AA400041EED8CF393A96D46D6BA","42010AA400041EED8CF393A96D2DD6BA","1","EA","59.000","G","EUR","5.6","/sap/public/bc/NWDEMO_MODEL/IMAGES_OFFICE/74658340.jpg","43.500","34.000","12.000","MM","","L","2023-11-03 04:08:23.377000000"
"42010AA400041EED8CF393ABD2A856BA","PP-SN-1006","PR","Sticky Notes","42010AA400041EED8CF393A96D11D6BA","2022-09-13 19:45:26.000000000","42010AA400041EED8CF393A96D11D6BA","2022-09-13 19:45:26.000000000","42010AA400041EED8CF393A96D46F6BA","42010AA400041EED8CF393A96D4716BA","42010AA400041EED8CF393A96D2DD6BA","1","EA","278.000","G","EUR","4.98","/sap/public/bc/NWDEMO_MODEL/IMAGES_OFFICE/121217464.jpg","5.000","3.500","1.250","CM","","L","2023-11-03 04:08:23.377000000"
"42010AA400041EED8CF393ABD2A876BA","DE-SH-1000","PR","Staplers & Hole Punchers","42010AA400041EED8CF393A96D11D6BA","2022-09-13 19:45:26.000000000","42010AA400041EED8CF393A96D11D6BA","2022-09-13 19:45:26.000000000","42010AA400041EED8CF393A96D4736BA","42010AA400041EED8CF393A96D4756BA","42010AA400041EED8CF393A96D2DD6BA","1","EA","220.000","G","EUR","9.89","/sap/public/bc/NWDEMO_MODEL/IMAGES_OFFICE/78933673.jpg","3.500","5.200","16.000","CM","","L","2023-11-03 04:08:23.377000000"
"42010AA400041EED8CF393ABD2A896BA","DE-SH-1001","PR","Staplers & Hole Punchers","42010AA400041EED8CF393A96D11D6BA","2022-09-13 19:45:26.000000000","42010AA400041EED8CF393A96D11D6BA","2022-09-13 19:45:26.000000000","42010AA400041EED8CF393A96D4776BA","42010AA400041EED8CF393A96D4796BA","42010AA400041EED8CF393A96D2DD6BA","1","EA","970.000","G","EUR","12.99","/sap/public/bc/NWDEMO_MODEL/IMAGES_OFFICE/153641402.jpg","8.300","12.100","15.200","CM","","L","2023-11-03 04:08:23.377000000"
"42010AA400041EED8CF393ABD2A8B6BA","DE-SH-1002","PR","Staplers & Hole Punchers","42010AA400041EED8CF393A96D11D6BA","2022-09-13 19:45:26.000000000","42010AA400041EED8CF393A96D11D6BA","2022-09-13 19:45:26.000000000","42010AA400041EED8CF393A96D47B6BA","42010AA400041EED8CF393A96D47D6BA","42010AA400041EED8CF393A96D2D76BA","1","EA","325.000","G","EUR","8.45","/sap/public/bc/NWDEMO_MODEL/IMAGES_OFFICE/193705679.jpg","14.700","10.000","3.800","CM","","L","2023-11-03 04:08:23.377000000"
"42010AA400041EED8CF393ABD2A8D6BA","DE-SH-1003","PR","Staplers & Hole Punchers","42010AA400041EED8CF393A96D11D6BA","2022-09-13 19:45:26.000000000","42010AA400041EED8CF393A96D11D6BA","2022-09-13 19:45:26.000000000","42010AA400041EED8CF393A96D47F6BA","42010AA400041EED8CF393A96D4816BA","42010AA400041EED8CF393A96D2D96BA","1","EA","450.000","G","EUR","14.99","/sap/public/bc/NWDEMO_MODEL/IMAGES_OFFICE/234515470.jpg","20.000","8.000","5.000","CM","","L","2023-11-03 04:08:23.377000000"
"42010AA400041EED8CF393ABD2A8F6BA","DE-SH-1004","PR","Staplers & Hole Punchers","42010AA400041EED8CF393A96D11D6BA","2022-09-13 19:45:26.000000000","42010AA400041EED8CF393A96D11D6BA","2022-09-13 19:45:26.000000000","42010AA400041EED8CF393A96D4836BA","42010AA400041EED8CF393A96D4856BA","42010AA400041EED8CF393A96D2DB6BA","1","EA","608.000","G","EUR","21.39","/sap/public/bc/NWDEMO_MODEL/IMAGES_OFFICE/124458070.jpg","30.000","13.700","18.200","CM","","L","2023-11-03 04:08:23.377000000"
"42010AA400041EED8CF393ABD2A916BA","DE-SH-1005","PR","Staplers & Hole Punchers","42010AA400041EED8CF393A96D11D6BA","2022-09-13 19:45:26.000000000","42010AA400041EED8CF393A96D11D6BA","2022-09-13 19:45:26.000000000","42010AA400041EED8CF393A96D4876BA","42010AA400041EED8CF393A96D4896BA","42010AA400041EED8CF393A96D2DD6BA","1","EA","18.100","G","EUR","0.99","/sap/public/bc/NWDEMO_MODEL/IMAGES_OFFICE/80183395.jpg","5.600","3.300","2.600","CM","","L","2023-11-03 04:08:23.377000000"
"42010AA400041EED8CF393ABD2A936BA","DE-GS-1000","PR","Glue & Sticky Tape","42010AA400041EED8CF393A96D11D6BA","2022-09-13 19:45:26.000000000","42010AA400041EED8CF393A96D11D6BA","2022-09-13 19:45:26.000000000","42010AA400041EED8CF393A96D48B6BA","42010AA400041EED8CF393A96D48D6BA","42010AA400041EED8CF393A96D2DF6BA","1","EA","750.000","G","EUR","18.99","/sap/public/bc/NWDEMO_MODEL/IMAGES_OFFICE/527199526.jpg","9.300","10.800","21.800","CM","","L","2023-11-03 04:08:23.377000000"
"42010AA400041EED8CF393ABD2A956BA","DE-GS-1001","PR","Glue & Sticky Tape","42010AA400041EED8CF393A96D11D6BA","2022-09-13 19:45:26.000000000","42010AA400041EED8CF393A96D11D6BA","2022-09-13 19:45:26.000000000","42010AA400041EED8CF393A96D48F6BA","42010AA400041EED8CF393A96D4916BA","42010AA400041EED8CF393A96D2DD6BA","1","EA","573.000","G","EUR","5.95","/sap/public/bc/NWDEMO_MODEL/IMAGES_OFFICE/107160467.jpg","7.000","7.700","16.600","CM","","L","2023-11-03 04:08:23.377000000"
"42010AA400041EED8CF393ABD2A976BA","DE-GS-1002","PR","Glue & Sticky Tape","42010AA400041EED8CF393A96D11D6BA","2022-09-13 19:45:26.000000000","42010AA400041EED8CF393A96D11D6BA","2022-09-13 19:45:26.000000000","42010AA400041EED8CF393A96D4936BA","42010AA400041EED8CF393A96D4956BA","42010AA400041EED8CF393A96D2DD6BA","1","EA","0.000","","EUR","0.9","/sap/public/bc/NWDEMO_MODEL/IMAGES_OFFICE/227285872.jpg","0.000","0.000","0.000","","","L","2023-11-03 04:08:23.377000000"
"42010AA400041EED8CF393ABD2A996BA","DE-GS-1003","PR","Glue & Sticky Tape","42010AA400041EED8CF393A96D11D6BA","2022-09-13 19:45:26.000000000","42010AA400041EED8CF393A96D11D6BA","2022-09-13 19:45:26.000000000","42010AA400041EED8CF393A96D4976BA","42010AA400041EED8CF393A96D4996BA","42010AA400041EED8CF393A96D2DD6BA","1","EA","0.000","","EUR","0.9","/sap/public/bc/NWDEMO_MODEL/IMAGES_OFFICE/13816663.jpg","0.000","0.000","0.000","","","L","2023-11-03 04:08:23.377000000"
"42010AA400041EED8CF393ABD2A9B6BA","DE-GS-1004","PR","Glue & Sticky Tape","42010AA400041EED8CF393A96D11D6BA","2022-09-13 19:45:26.000000000","42010AA400041EED8CF393A96D11D6BA","2022-09-13 19:45:26.000000000","42010AA400041EED8CF393A96D49B6BA","42010AA400041EED8CF393A96D49D6BA","42010AA400041EED8CF393A96D2DD6BA","1","EA","0.000","","EUR","3.2","/sap/public/bc/NWDEMO_MODEL/IMAGES_OFFICE/42287686.jpg","0.000","0.000","0.000","","","L","2023-11-03 04:08:23.377000000"
"42010AA400041EED8CF393ABD2A9D6BA","DE-GS-1005","PR","Glue & Sticky Tape","42010AA400041EED8CF393A96D11D6BA","2022-09-13 19:45:26.000000000","42010AA400041EED8CF393A96D11D6BA","2022-09-13 19:45:26.000000000","42010AA400041EED8CF393A96D49F6BA","42010AA400041EED8CF393A96D4A16BA","42010AA400041EED8CF393A96D2DD6BA","1","EA","0.000","","EUR","2.79","/sap/public/bc/NWDEMO_MODEL/IMAGES_OFFICE/18688144.jpg","0.000","0.000","0.000","","","L","2023-11-03 04:08:23.377000000"
"42010AA400041EED8CF393ABD2A9F6BA","DE-GS-1006","PR","Glue & Sticky Tape","42010AA400041EED8CF393A96D11D6BA","2022-09-13 19:45:26.000000000","42010AA400041EED8CF393A96D11D6BA","2022-09-13 19:45:26.000000000","42010AA400041EED8CF393A96D4A36BA","42010AA400041EED8CF393A96D4A56BA","42010AA400041EED8CF393A96D2D76BA","1","EA","5.000","G","EUR","3.95","/sap/public/bc/NWDEMO_MODEL/IMAGES_OFFICE/537513592.jpg","0.000","0.000","0.000","","","L","2023-11-03 04:08:23.377000000"
"42010AA400041EED8CF393ABD2AA16BA","DE-GS-1007","PR","Glue & Sticky Tape","42010AA400041EED8CF393A96D11D6BA","2022-09-13 19:45:26.000000000","42010AA400041EED8CF393A96D11D6BA","2022-09-13 19:45:26.000000000","42010AA400041EED8CF393A96D4A76BA","42010AA400041EED8CF393A96D4A96BA","42010AA400041EED8CF393A96D2D96BA","1","EA","0.000","","EUR","14.35","/sap/public/bc/NWDEMO_MODEL/IMAGES_OFFICE/630784682.jpg","0.000","0.000","0.000","","","L","2023-11-03 04:08:23.377000000"
"42010AA400041EED8CF393ABD2AA36BA","DE-GS-1008","PR","Glue & Sticky Tape","42010AA400041EED8CF393A96D11D6BA","2022-09-13 19:45:26.000000000","42010AA400041EED8CF393A96D11D6BA","2022-09-13 19:45:26.000000000","42010AA400041EED8CF393A96D4AB6BA","42010AA400041EED8CF393A96D4AD6BA","42010AA400041EED8CF393A96D2DB6BA","1","EA","0.000","","EUR","1.39","/sap/public/bc/NWDEMO_MODEL/IMAGES_OFFICE/52414843.jpg","0.000","0.000","0.000","","","L","2023-11-03 04:08:23.377000000"
"42010AA400041EED8CF393ABD2AA56BA","DE-GS-1009","PR","Glue & Sticky Tape","42010AA400041EED8CF393A96D11D6BA","2022-09-13 19:45:26.000000000","42010AA400041EED8CF393A96D11D6BA","2022-09-13 19:45:26.000000000","42010AA400041EED8CF393A96D4AF6BA","42010AA400041EED8CF393A96D4B16BA","42010AA400041EED8CF393A96D2DD6BA","1","EA","0.000","","EUR","2.99","/sap/public/bc/NWDEMO_MODEL/IMAGES_OFFICE/60495724.jpg","0.000","0.000","0.000","","","L","2023-11-03 04:08:23.377000000"
"42010AA400041EED8CF393ABD2AA76BA","DE-SK-1000","PR","Scissors & Knives","42010AA400041EED8CF393A96D11D6BA","2022-09-13 19:45:26.000000000","42010AA400041EED8CF393A96D11D6BA","2022-09-13 19:45:26.000000000","42010AA400041EED8CF393A96D4B36BA","42010AA400041EED8CF393A96D4B56BA","42010AA400041EED8CF393A96D2DF6BA","1","EA","0.000","","EUR","3.4","/sap/public/bc/NWDEMO_MODEL/IMAGES_OFFICE/100136453.jpg","0.000","0.000","0.000","","","L","2023-11-03 04:08:23.377000000"
"42010AA400041EED8CF393ABD2AA96BA","DE-SK-1001","PR","Scissors & Knives","42010AA400041EED8CF393A96D11D6BA","2022-09-13 19:45:26.000000000","42010AA400041EED8CF393A96D11D6BA","2022-09-13 19:45:26.000000000","42010AA400041EED8CF393A96D4B76BA","42010AA400041EED8CF393A96D4B96BA","42010AA400041EED8CF393A96D2DD6BA","1","EA","0.000","","EUR","1.78","/sap/public/bc/NWDEMO_MODEL/IMAGES_OFFICE/50001070.jpg","0.000","0.000","0.000","","","L","2023-11-03 04:08:23.377000000"
"42010AA400041EED8CF393ABD2AAB6BA","DE-SK-1002","PR","Scissors & Knives","42010AA400041EED8CF393A96D11D6BA","2022-09-13 19:45:26.000000000","42010AA400041EED8CF393A96D11D6BA","2022-09-13 19:45:26.000000000","42010AA400041EED8CF393A96D4BB6BA","42010AA400041EED8CF393A96D4BD6BA","42010AA400041EED8CF393A96D2DD6BA","1","EA","0.000","","EUR","2.6","/sap/public/bc/NWDEMO_MODEL/IMAGES_OFFICE/61477369.jpg","0.000","0.000","0.000","","","L","2023-11-03 04:08:23.377000000"
"42010AA400041EED8CF393ABD2AAD6BA","DE-SK-1003","PR","Scissors & Knives","42010AA400041EED8CF393A96D11D6BA","2022-09-13 19:45:26.000000000","42010AA400041EED8CF393A96D11D6BA","2022-09-13 19:45:26.000000000","42010AA400041EED8CF393A96D4BF6BA","42010AA400041EED8CF393A96D4C16BA","42010AA400041EED8CF393A96D2DD6BA","1","EA","0.000","","EUR","7.2","/sap/public/bc/NWDEMO_MODEL/IMAGES_OFFICE/74357629.jpg","0.000","0.000","0.000","","","L","2023-11-03 04:08:23.377000000"
"42010AA400041EED8CF393ABD2AAF6BA","DE-SK-1004","PR","Scissors & Knives","42010AA400041EED8CF393A96D11D6BA","2022-09-13 19:45:26.000000000","42010AA400041EED8CF393A96D11D6BA","2022-09-13 19:45:26.000000000","42010AA400041EED8CF393A96D4C36BA","42010AA400041EED8CF393A96D4C56BA","42010AA400041EED8CF393A96D2DD6BA","1","EA","0.000","","EUR","5.3","/sap/public/bc/NWDEMO_MODEL/IMAGES_OFFICE/55638754.jpg","0.000","0.000","0.000","","","L","2023-11-03 04:08:23.377000000"
"42010AA400041EED8CF393ABD2AB16BA","DE-PP-1000","PR","Pen & Pencil Holders","42010AA400041EED8CF393A96D11D6BA","2022-09-13 19:45:26.000000000","42010AA400041EED8CF393A96D11D6BA","2022-09-13 19:45:26.000000000","42010AA400041EED8CF393A96D4C76BA","42010AA400041EED8CF393A96D4C96BA","42010AA400041EED8CF393A96D2DD6BA","1","EA","0.000","","EUR","12.99","/sap/public/bc/NWDEMO_MODEL/IMAGES_OFFICE/59212516.jpg","0.000","0.000","0.000","","","L","2023-11-03 04:08:23.377000000"
"42010AA400041EED8CF393ABD2AB36BA","DE-PP-1001","PR","Pen & Pencil Holders","42010AA400041EED8CF393A96D11D6BA","2022-09-13 19:45:26.000000000","42010AA400041EED8CF393A96D11D6BA","2022-09-13 19:45:26.000000000","42010AA400041EED8CF393A96D4CB6BA","42010AA400041EED8CF393A96D4CD6BA","42010AA400041EED8CF393A96D2D76BA","1","EA","0.000","","EUR","11.87","/sap/public/bc/NWDEMO_MODEL/IMAGES_OFFICE/62767552.jpg","0.000","0.000","0.000","","","L","2023-11-03 04:08:23.377000000"
"42010AA400041EED8CF393ABD2AB56BA","DE-PP-1002","PR","Pen & Pencil Holders","42010AA400041EED8CF393A96D11D6BA","2022-09-13 19:45:26.000000000","42010AA400041EED8CF393A96D11D6BA","2022-09-13 19:45:26.000000000","42010AA400041EED8CF393A96D4CF6BA","42010AA400041EED8CF393A96D4D16BA","42010AA400041EED8CF393A96D2D96BA","1","EA","0.000","","EUR","7.6","/sap/public/bc/NWDEMO_MODEL/IMAGES_OFFICE/150544139.jpg","0.000","0.000","0.000","","","L","2023-11-03 04:08:23.377000000"
"42010AA400041EED8CF393ABD2AB76BA","DE-PP-1003","PR","Pen & Pencil Holders","42010AA400041EED8CF393A96D11D6BA","2022-09-13 19:45:26.000000000","42010AA400041EED8CF393A96D11D6BA","2022-09-13 19:45:26.000000000","42010AA400041EED8CF393A96D4D36BA","42010AA400041EED8CF393A96D4D56BA","42010AA400041EED8CF393A96D2DB6BA","1","EA","0.000","","EUR","13.48","/sap/public/bc/NWDEMO_MODEL/IMAGES_OFFICE/74116852.jpg","0.000","0.000","0.000","","","L","2023-11-03 04:08:23.377000000"
"42010AA400041EED8CF393ABD2AB96BA","DE-PP-1004","PR","Staplers & Hole Punchers","42010AA400041EED8CF393A96D11D6BA","2022-09-13 19:45:26.000000000","42010AA400041EED8CF393A96D11D6BA","2022-09-13 19:45:26.000000000","42010AA400041EED8CF393A96D4D76BA","42010AA400041EED8CF393A96D4D96BA","42010AA400041EED8CF393A96D2DD6BA","1","EA","0.000","","EUR","1.9","/sap/public/bc/NWDEMO_MODEL/IMAGES_OFFICE/370443422.jpg","0.000","0.000","0.000","","","L","2023-11-03 04:08:23.377000000"
"42010AA400041EED8CF393ABD2ABB6BA","DE-PPM-100","PR","Paperclips, Pins & Magnets","42010AA400041EED8CF393A96D11D6BA","2022-09-13 19:45:26.000000000","42010AA400041EED8CF393A96D11D6BA","2022-09-13 19:45:26.000000000","42010AA400041EED8CF393A96D4DB6BA","42010AA400041EED8CF393A96D4DD6BA","42010AA400041EED8CF393A96D2DF6BA","1","EA","0.000","","EUR","3.2","/sap/public/bc/NWDEMO_MODEL/IMAGES_OFFICE/63764749.jpg","0.000","0.000","0.000","","","L","2023-11-03 04:08:23.377000000"
"42010AA400041EED8CF393ABD2ABD6BA","DE-PPM-101","PR","Paperclips, Pins & Magnets","42010AA400041EED8CF393A96D11D6BA","2022-09-13 19:45:26.000000000","42010AA400041EED8CF393A96D11D6BA","2022-09-13 19:45:26.000000000","42010AA400041EED8CF393A96D4DF6BA","42010AA400041EED8CF393A96D4E16BA","42010AA400041EED8CF393A96D2DD6BA","1","EA","0.000","","EUR","2.1","/sap/public/bc/NWDEMO_MODEL/IMAGES_OFFICE/644283637.jpg","0.000","0.000","0.000","","","L","2023-11-03 04:08:23.377000000"
"42010AA400041EED8CF393ABD2ABF6BA","DE-PPM-102","PR","Paperclips, Pins & Magnets","42010AA400041EED8CF393A96D11D6BA","2022-09-13 19:45:26.000000000","42010AA400041EED8CF393A96D11D6BA","2022-09-13 19:45:26.000000000","42010AA400041EED8CF393A96D4E36BA","42010AA400041EED8CF393A96D4E56BA","42010AA400041EED8CF393A96D2DD6BA","1","EA","0.000","","EUR","1.89","/sap/public/bc/NWDEMO_MODEL/IMAGES_OFFICE/145835795.jpg","0.000","0.000","0.000","","","L","2023-11-03 04:08:23.377000000"
"42010AA400041EED8CF393ABD2AC16BA","DE-PPM-103","PR","Paperclips, Pins & Magnets","42010AA400041EED8CF393A96D11D6BA","2022-09-13 19:45:26.000000000","42010AA400041EED8CF393A96D11D6BA","2022-09-13 19:45:26.000000000","42010AA400041EED8CF393A96D4E76BA","42010AA400041EED8CF393A96D4E96BA","42010AA400041EED8CF393A96D2DD6BA","1","EA","0.000","","EUR","1.89","/sap/public/bc/NWDEMO_MODEL/IMAGES_OFFICE/151644647.jpg","0.000","0.000","0.000","","","L","2023-11-03 04:08:23.377000000"
"42010AA400041EED8CF393ABD2AC36BA","DE-PPM-104","PR","Paperclips, Pins & Magnets","42010AA400041EED8CF393A96D11D6BA","2022-09-13 19:45:26.000000000","42010AA400041EED8CF393A96D11D6BA","2022-09-13 19:45:26.000000000","42010AA400041EED8CF393A96D4EB6BA","42010AA400041EED8CF393A96D4ED6BA","42010AA400041EED8CF393A96D2DD6BA","1","EA","0.000","","EUR","1.19","/sap/public/bc/NWDEMO_MODEL/IMAGES_OFFICE/63472720.jpg","0.000","0.000","0.000","","","L","2023-11-03 04:08:23.377000000"
"42010AA400041EED8CF393ABD2AC56BA","DE-PPM-105","PR","Paperclips, Pins & Magnets","42010AA400041EED8CF393A96D11D6BA","2022-09-13 19:45:26.000000000","42010AA400041EED8CF393A96D11D6BA","2022-09-13 19:45:26.000000000","42010AA400041EED8CF393A96D4EF6BA","42010AA400041EED8CF393A96D4F16BA","42010AA400041EED8CF393A96D2DD6BA","1","EA","0.000","","EUR","1.99","/sap/public/bc/NWDEMO_MODEL/IMAGES_OFFICE/122701681.jpg","0.000","0.000","0.000","","","L","2023-11-03 04:08:23.377000000"
"42010AA400041EED8CF393ABD2AC76BA","EP-BB-1000","PR","Boxes & Box Tape","42010AA400041EED8CF393A96D11D6BA","2022-09-13 19:45:26.000000000","42010AA400041EED8CF393A96D11D6BA","2022-09-13 19:45:26.000000000","42010AA400041EED8CF393A96D4F36BA","42010AA400041EED8CF393A96D4F56BA","42010AA400041EED8CF393A96D2D76BA","1","EA","640.000","G","EUR","4.1","/sap/public/bc/NWDEMO_MODEL/IMAGES_OFFICE/88126681.jpg","32.000","6.000","40.000","CM","","L","2023-11-03 04:08:23.377000000"
"42010AA400041EED8CF393ABD2AC96BA","EP-BB-1001","PR","Boxes & Box Tape","42010AA400041EED8CF393A96D11D6BA","2022-09-13 19:45:26.000000000","42010AA400041EED8CF393A96D11D6BA","2022-09-13 19:45:26.000000000","42010AA400041EED8CF393A96D4F76BA","42010AA400041EED8CF393A96D4F96BA","42010AA400041EED8CF393A96D2D96BA","1","EA","5.250","KG","EUR","34.9","/sap/public/bc/NWDEMO_MODEL/IMAGES_OFFICE/231517936.jpg","32.000","55.000","40.000","CM","","L","2023-11-03 04:08:23.377000000"
"42010AA400041EED8CF393ABD2ACB6BA","EP-BB-1002","PR","Boxes & Box Tape","42010AA400041EED8CF393A96D11D6BA","2022-09-13 19:45:26.000000000","42010AA400041EED8CF393A96D11D6BA","2022-09-13 19:45:26.000000000","42010AA400041EED8CF393A96D4FB6BA","42010AA400041EED8CF393A96D4FD6BA","42010AA400041EED8CF393A96D2DB6BA","1","EA","0.000","","EUR","27.2","/sap/public/bc/NWDEMO_MODEL/IMAGES_OFFICE/124701436.jpg","0.000","0.000","0.000","","","L","2023-11-03 04:08:23.377000000"
"42010AA400041EED8CF393ABD2ACD6BA","EP-BB-1003","PR","Boxes & Box Tape","42010AA400041EED8CF393A96D11D6BA","2022-09-13 19:45:26.000000000","42010AA400041EED8CF393A96D11D6BA","2022-09-13 19:45:26.000000000","42010AA400041EED8CF393A96D4FF6BA","42010AA400041EED8CF393A96D5016BA","42010AA400041EED8CF393A96D2DD6BA","1","EA","0.000","","EUR","19.99","/sap/public/bc/NWDEMO_MODEL/IMAGES_OFFICE/174933494.jpg","0.000","0.000","0.000","","","L","2023-11-03 04:08:23.377000000"
"42010AA400041EED8CF393ABD2ACF6BA","EP-BB-1004","PR","Boxes & Box Tape","42010AA400041EED8CF393A96D11D6BA","2022-09-13 19:45:26.000000000","42010AA400041EED8CF393A96D11D6BA","2022-09-13 19:45:26.000000000","42010AA400041EED8CF393A96D5036BA","42010AA400041EED8CF393A96D5056BA","42010AA400041EED8CF393A96D2DF6BA","1","EA","0.000","","EUR","3.4","/sap/public/bc/NWDEMO_MODEL/IMAGES_OFFICE/93041953.jpg","0.000","0.000","0.000","","","L","2023-11-03 04:08:23.377000000"
"42010AA400041EED8CF393ABD2AD16BA","EP-BT-1000","PR","Bands & Twine","42010AA400041EED8CF393A96D11D6BA","2022-09-13 19:45:26.000000000","42010AA400041EED8CF393A96D11D6BA","2022-09-13 19:45:26.000000000","42010AA400041EED8CF393A96D5076BA","42010AA400041EED8CF393A96D5096BA","42010AA400041EED8CF393A96D2DD6BA","1","EA","2.500","KG","EUR","21.85","/sap/public/bc/NWDEMO_MODEL/IMAGES_OFFICE/209171200.jpg","0.000","0.000","0.000","","","L","2023-11-03 04:08:23.377000000"
"42010AA400041EED8CF393ABD2AD36BA","EP-BT-1001","PR","Bands & Twine","42010AA400041EED8CF393A96D11D6BA","2022-09-13 19:45:26.000000000","42010AA400041EED8CF393A96D11D6BA","2022-09-13 19:45:26.000000000","42010AA400041EED8CF393A96D50B6BA","42010AA400041EED8CF393A96D50D6BA","42010AA400041EED8CF393A96D2DD6BA","1","EA","100.000","G","EUR","3.49","/sap/public/bc/NWDEMO_MODEL/IMAGES_OFFICE/125282816.jpg","0.000","0.000","0.000","","","L","2023-11-03 04:08:23.377000000"
"42010AA400041EED8CF393ABD2AD56BA","EP-BT-1002","PR","Bands & Twine","42010AA400041EED8CF393A96D11D6BA","2022-09-13 19:45:26.000000000","42010AA400041EED8CF393A96D11D6BA","2022-09-13 19:45:26.000000000","42010AA400041EED8CF393A96D50F6BA","42010AA400041EED8CF393A96D5116BA","42010AA400041EED8CF393A96D2DD6BA","1","EA","454.000","G","EUR","9.92","/sap/public/bc/NWDEMO_MODEL/IMAGES_OFFICE/102445369.jpg","0.000","0.000","0.000","","","L","2023-11-03 04:08:23.377000000"
"42010AA400041EED8CF393ABD2AD76BA","EP-BT-1003","PR","Bands & Twine","42010AA400041EED8CF393A96D11D6BA","2022-09-13 19:45:26.000000000","42010AA400041EED8CF393A96D11D6BA","2022-09-13 19:45:26.000000000","42010AA400041EED8CF393A96D5136BA","42010AA400041EED8CF393A96D5156BA","42010AA400041EED8CF393A96D2DD6BA","1","EA","216.000","G","EUR","11.35","/sap/public/bc/NWDEMO_MODEL/IMAGES_OFFICE/55513723.jpg","0.000","0.000","0.000","","","L","2023-11-03 04:08:23.377000000"
"42010AA400041EED8CF393ABD2AD96BA","EP-E-1000","PR","Envelopes","42010AA400041EED8CF393A96D11D6BA","2022-09-13 19:45:26.000000000","42010AA400041EED8CF393A96D11D6BA","2022-09-13 19:45:26.000000000","42010AA400041EED8CF393A96D5176BA","42010AA400041EED8CF393A96D5196BA","42010AA400041EED8CF393A96D2DD6BA","1","EA","0.000","","EUR","12.45","/sap/public/bc/NWDEMO_MODEL/IMAGES_OFFICE/461147683.jpg","0.000","0.000","0.000","","","L","2023-11-03 04:08:23.377000000"
"42010AA400041EED8CF393ABD2ADB6BA","EP-E-1001","PR","Envelopes","42010AA400041EED8CF393A96D11D6BA","2022-09-13 19:45:26.000000000","42010AA400041EED8CF393A96D11D6BA","2022-09-13 19:45:26.000000000","42010AA400041EED8CF393A96D51B6BA","42010AA400041EED8CF393A96D51D6BA","42010AA400041EED8CF393A96D2D76BA","1","EA","0.000","","EUR","12.45","/sap/public/bc/NWDEMO_MODEL/IMAGES_OFFICE/160297772.jpg","0.000","0.000","0.000","","","L","2023-11-03 04:08:23.377000000"
"42010AA400041EED8CF393ABD2ADD6BA","EP-E-1002","PR","Envelopes","42010AA400041EED8CF393A96D11D6BA","2022-09-13 19:45:26.000000000","42010AA400041EED8CF393A96D11D6BA","2022-09-13 19:45:26.000000000","42010AA400041EED8CF393A96D51F6BA","42010AA400041EED8CF393A96D5216BA","42010AA400041EED8CF393A96D2D96BA","1","EA","0.000","","EUR","56","/sap/public/bc/NWDEMO_MODEL/IMAGES_OFFICE/608377073.jpg","0.000","0.000","0.000","","","L","2023-11-03 04:08:23.377000000"
"42010AA400041EED8CF393ABD2ADF6BA","EP-E-1003","PR","Envelopes","42010AA400041EED8CF393A96D11D6BA","2022-09-13 19:45:26.000000000","42010AA400041EED8CF393A96D11D6BA","2022-09-13 19:45:26.000000000","42010AA400041EED8CF393A96D5236BA","42010AA400041EED8CF393A96D5256BA","42010AA400041EED8CF393A96D2DB6BA","1","EA","0.000","","EUR","16.33","/sap/public/bc/NWDEMO_MODEL/IMAGES_OFFICE/64623880.jpg","0.000","0.000","0.000","","","L","2023-11-03 04:08:23.377000000"
"42010AA400041EED8CF393ABD2AE16BA","EP-E-1004","PR","Envelopes","42010AA400041EED8CF393A96D11D6BA","2022-09-13 19:45:26.000000000","42010AA400041EED8CF393A96D11D6BA","2022-09-13 19:45:26.000000000","42010AA400041EED8CF393A96D5276BA","42010AA400041EED8CF393A96D5296BA","42010AA400041EED8CF393A96D2DD6BA","1","EA","0.000","","EUR","29.9","/sap/public/bc/NWDEMO_MODEL/IMAGES_OFFICE/683935684.jpg","0.000","0.000","0.000","","","L","2023-11-03 04:08:23.377000000"
"42010AA400041EED8CF393ABD2AE36BA","EP-E-1005","PR","Envelopes","42010AA400041EED8CF393A96D11D6BA","2022-09-13 19:45:26.000000000","42010AA400041EED8CF393A96D11D6BA","2022-09-13 19:45:26.000000000","42010AA400041EED8CF393A96D52B6BA","42010AA400041EED8CF393A96D52D6BA","42010AA400041EED8CF393A96D2DF6BA","1","EA","130.000","G","EUR","25.5","/sap/public/bc/NWDEMO_MODEL/IMAGES_OFFICE/45667945.jpg","0.000","0.000","0.000","","","L","2023-11-03 04:08:23.377000000"
"42010AA400041EED8CF393ABD2AE56BA","EP-WM-1000","PR","Wrapping Material","42010AA400041EED8CF393A96D11D6BA","2022-09-13 19:45:26.000000000","42010AA400041EED8CF393A96D11D6BA","2022-09-13 19:45:26.000000000","42010AA400041EED8CF393A96D52F6BA","42010AA400041EED8CF393A96D5316BA","42010AA400041EED8CF393A96D2DD6BA","1","EA","0.000","","EUR","45","/sap/public/bc/NWDEMO_MODEL/IMAGES_OFFICE/127573784.jpg","0.000","0.000","0.000","","","L","2023-11-03 04:08:23.377000000"
"42010AA400041EED8CF393ABD2AE76BA","EP-WM-1001","PR","Wrapping Material","42010AA400041EED8CF393A96D11D6BA","2022-09-13 19:45:26.000000000","42010AA400041EED8CF393A96D11D6BA","2022-09-13 19:45:26.000000000","42010AA400041EED8CF393A96D5336BA","42010AA400041EED8CF393A96D5356BA","42010AA400041EED8CF393A96D2DD6BA","1","EA","0.000","","EUR","9.8","/sap/public/bc/NWDEMO_MODEL/IMAGES_OFFICE/204995326.jpg","0.000","0.000","0.000","","","L","2023-11-03 04:08:23.377000000"
"42010AA400041EED8CF393ABD2AE96BA","EP-WM-1002","PR","Wrapping Material","42010AA400041EED8CF393A96D11D6BA","2022-09-13 19:45:26.000000000","42010AA400041EED8CF393A96D11D6BA","2022-09-13 19:45:26.000000000","42010AA400041EED8CF393A96D5376BA","42010AA400041EED8CF393A96D5396BA","42010AA400041EED8CF393A96D2DD6BA","1","EA","0.000","","EUR","6.8","/sap/public/bc/NWDEMO_MODEL/IMAGES_OFFICE/90845078.jpg","0.000","0.000","0.000","","","L","2023-11-03 04:08:23.377000000"
"42010AA400041EED8CF393ABD2AEB6BA","EP-WM-1003","PR","Wrapping Material","42010AA400041EED8CF393A96D11D6BA","2022-09-13 19:45:26.000000000","42010AA400041EED8CF393A96D11D6BA","2022-09-13 19:45:26.000000000","42010AA400041EED8CF393A96D53B6BA","42010AA400041EED8CF393A96D53D6BA","42010AA400041EED8CF393A96D2DD6BA","1","EA","1.500","KG","EUR","14.4","/sap/public/bc/NWDEMO_MODEL/IMAGES_OFFICE/218655211.jpg","43.000","8.500","8.500","CM","","L","2023-11-03 04:08:23.377000000"
"42010AA400041EED8CF393ABD2AED6BA","WD-BP-1000","PR","Ballpoint Pens","42010AA400041EED8CF393A96D11D6BA","2022-09-13 19:45:26.000000000","42010AA400041EED8CF393A96D11D6BA","2022-09-13 19:45:26.000000000","42010AA400041EED8CF393A96D53F6BA","42010AA400041EED8CF393A96D5416BA","42010AA400041EED8CF393A96D2DD6BA","1","EA","45.000","G","EUR","5.6","/sap/public/bc/NWDEMO_MODEL/IMAGES_OFFICE/169398962.jpg","2.000","18.500","2.000","CM","","L","2023-11-03 04:08:23.377000000"
"42010AA400041EED8CF393ABD2AEF6BA","WD-BP-1001","PR","Ballpoint Pens","42010AA400041EED8CF393A96D11D6BA","2022-09-13 19:45:26.000000000","42010AA400041EED8CF393A96D11D6BA","2022-09-13 19:45:26.000000000","42010AA400041EED8CF393A96D5436BA","42010AA400041EED8CF393A96D5456BA","42010AA400041EED8CF393A96D2D76BA","1","EA","45.000","G","EUR","5.6","/sap/public/bc/NWDEMO_MODEL/IMAGES_OFFICE/169395530.jpg","2.000","18.500","2.000","CM","","L","2023-11-03 04:08:23.377000000"
"42010AA400041EED8CF393ABD2AF16BA","WD-BP-1002","PR","Ballpoint Pens","42010AA400041EED8CF393A96D11D6BA","2022-09-13 19:45:26.000000000","42010AA400041EED8CF393A96D11D6BA","2022-09-13 19:45:26.000000000","42010AA400041EED8CF393A96D5476BA","42010AA400041EED8CF393A96D5496BA","42010AA400041EED8CF393A96D2D96BA","1","EA","45.000","G","EUR","32.55","/sap/public/bc/NWDEMO_MODEL/IMAGES_OFFICE/132289892.jpg","2.000","18.500","2.000","CM","","L","2023-11-03 04:08:23.377000000"
"42010AA400041EED8CF393ABD2AF36BA","WD-BP-1003","PR","Ballpoint Pens","42010AA400041EED8CF393A96D11D6BA","2022-09-13 19:45:26.000000000","42010AA400041EED8CF393A96D11D6BA","2022-09-13 19:45:26.000000000","42010AA400041EED8CF393A96D54B6BA","42010AA400041EED8CF393A96D54D6BA","42010AA400041EED8CF393A96D2DB6BA","1","EA","0.000","","EUR","19.25","/sap/public/bc/NWDEMO_MODEL/IMAGES_OFFICE/18079237.jpg","0.000","0.000","0.000","","","L","2023-11-03 04:08:23.377000000"
"42010AA400041EED8CF393ABD2AF56BA","WD-PC-1000","PR","Pencils & Colouring","42010AA400041EED8CF393A96D11D6BA","2022-09-13 19:45:26.000000000","42010AA400041EED8CF393A96D11D6BA","2022-09-13 19:45:26.000000000","42010AA400041EED8CF393A96D54F6BA","42010AA400041EED8CF393A96D5516BA","42010AA400041EED8CF393A96D2DD6BA","1","EA","64.000","G","EUR","3.39","/sap/public/bc/NWDEMO_MODEL/IMAGES_OFFICE/71098843.jpg","0.000","0.000","0.000","","","L","2023-11-03 04:08:23.377000000"
"42010AA400041EED8CF393ABD2AF76BA","WD-PC-1001","PR","Pencils & Colouring","42010AA400041EED8CF393A96D11D6BA","2022-09-13 19:45:26.000000000","42010AA400041EED8CF393A96D11D6BA","2022-09-13 19:45:26.000000000","42010AA400041EED8CF393A96D5536BA","42010AA400041EED8CF393A96D5556BA","42010AA400041EED8CF393A96D2DF6BA","1","EA","0.000","","EUR","1.8","/sap/public/bc/NWDEMO_MODEL/IMAGES_OFFICE/71098843.jpg","0.000","0.000","0.000","","","L","2023-11-03 04:08:23.377000000"
"42010AA400041EED8CF393ABD2AF96BA","WD-PC-1002","PR","Pencils & Colouring","42010AA400041EED8CF393A96D11D6BA","2022-09-13 19:45:26.000000000","42010AA400041EED8CF393A96D11D6BA","2022-09-13 19:45:26.000000000","42010AA400041EED8CF393A96D5576BA","42010AA400041EED8CF393A96D5596BA","42010AA400041EED8CF393A96D2DD6BA","1","EA","0.000","","EUR","0.89","/sap/public/bc/NWDEMO_MODEL/IMAGES_OFFICE/71098843.jpg","0.000","0.000","0.000","","","L","2023-11-03 04:08:23.377000000"
"42010AA400041EED8CF393ABD2AFB6BA","WD-PC-1003","PR","Pencils & Colouring","42010AA400041EED8CF393A96D11D6BA","2022-09-13 19:45:26.000000000","42010AA400041EED8CF393A96D11D6BA","2022-09-13 19:45:26.000000000","42010AA400041EED8CF393A96D55B6BA","42010AA400041EED8CF393A96D55D6BA","42010AA400041EED8CF393A96D2DD6BA","1","EA","0.000","","EUR","6.7","/sap/public/bc/NWDEMO_MODEL/IMAGES_OFFICE/19151176.jpg","0.000","0.000","0.000","","","L","2023-11-03 04:08:23.377000000"
"42010AA400041EED8CF393ABD2AFD6BA","WD-PC-1004","PR","Pencils & Colouring","42010AA400041EED8CF393A96D11D6BA","2022-09-13 19:45:26.000000000","42010AA400041EED8CF393A96D11D6BA","2022-09-13 19:45:26.000000000","42010AA400041EED8CF393A96D55F6BA","42010AA400041EED8CF393A96D5616BA","42010AA400041EED8CF393A96D2DD6BA","1","EA","0.000","","EUR","8.9","/sap/public/bc/NWDEMO_MODEL/IMAGES_OFFICE/197379701.jpg","0.000","0.000","0.000","","","L","2023-11-03 04:08:23.377000000"
"42010AA400041EED8CF393ABD2AFF6BA","WD-MP-1000","PR","Marker Pens","42010AA400041EED8CF393A96D11D6BA","2022-09-13 19:45:26.000000000","42010AA400041EED8CF393A96D11D6BA","2022-09-13 19:45:26.000000000","42010AA400041EED8CF393A96D5636BA","42010AA400041EED8CF393A96D5656BA","42010AA400041EED8CF393A96D2DD6BA","1","EA","0.000","","EUR","1.89","/sap/public/bc/NWDEMO_MODEL/IMAGES_OFFICE/217351162.jpg","0.000","0.000","0.000","","","L","2023-11-03 04:08:23.377000000"
"42010AA400041EED8CF393ABD2B016BA","WD-MP-1001","PR","Marker Pens","42010AA400041EED8CF393A96D11D6BA","2022-09-13 19:45:26.000000000","42010AA400041EED8CF393A96D11D6BA","2022-09-13 19:45:26.000000000","42010AA400041EED8CF393A96D5676BA","42010AA400041EED8CF393A96D5696BA","42010AA400041EED8CF393A96D2DD6BA","1","EA","0.000","","EUR","1.89","/sap/public/bc/NWDEMO_MODEL/IMAGES_OFFICE/217351165.jpg","0.000","0.000","0.000","","","L","2023-11-03 04:08:23.377000000"
"42010AA400041EED8CF393ABD2B036BA","WD-MP-1002","PR","Marker Pens","42010AA400041EED8CF393A96D11D6BA","2022-09-13 19:45:26.000000000","42010AA400041EED8CF393A96D11D6BA","2022-09-13 19:45:26.000000000","42010AA400041EED8CF393A96D56B6BA","42010AA400041EED8CF393A96D56D6BA","42010AA400041EED8CF393A96D2D76BA","1","EA","0.000","","EUR","1.89","/sap/public/bc/NWDEMO_MODEL/IMAGES_OFFICE/224972020.jpg","0.000","0.000","0.000","","","L","2023-11-03 04:08:23.377000000"
"42010AA400041EED8CF393ABD2B056BA","WD-MP-1003","PR","Marker Pens","42010AA400041EED8CF393A96D11D6BA","2022-09-13 19:45:26.000000000","42010AA400041EED8CF393A96D11D6BA","2022-09-13 19:45:26.000000000","42010AA400041EED8CF393A96D56F6BA","42010AA400041EED8CF393A96D5716BA","42010AA400041EED8CF393A96D2D96BA","1","EA","0.000","","EUR","1.89","/sap/public/bc/NWDEMO_MODEL/IMAGES_OFFICE/227395396.jpg","0.000","0.000","0.000","","","L","2023-11-03 04:08:23.377000000"
"42010AA400041EED8CF393ABD2B076BA","WD-MP-1004","PR","Marker Pens","42010AA400041EED8CF393A96D11D6BA","2022-09-13 19:45:26.000000000","42010AA400041EED8CF393A96D11D6BA","2022-09-13 19:45:26.000000000","42010AA400041EED8CF393A96D5736BA","42010AA400041EED8CF393A96D5756BA","42010AA400041EED8CF393A96D2DB6BA","1","EA","0.000","","EUR","3.55","/sap/public/bc/NWDEMO_MODEL/IMAGES_OFFICE/225948061.jpg","0.000","0.000","0.000","","","L","2023-11-03 04:08:23.377000000"
"42010AA400041EED8CF393ABD2B096BA","WD-MP-1005","PR","Marker Pens","42010AA400041EED8CF393A96D11D6BA","2022-09-13 19:45:26.000000000","42010AA400041EED8CF393A96D11D6BA","2022-09-13 19:45:26.000000000","42010AA400041EED8CF393A96D5776BA","42010AA400041EED8CF393A96D5796BA","42010AA400041EED8CF393A96D2DD6BA","1","EA","0.000","","EUR","0.75","/sap/public/bc/NWDEMO_MODEL/IMAGES_OFFICE/14876785.jpg","0.000","0.000","0.000","","","L","2023-11-03 04:08:23.377000000"
"42010AA400041EED8CF393ABD2B0B6BA","WD-MP-1006","PR","Marker Pens","42010AA400041EED8CF393A96D11D6BA","2022-09-13 19:45:26.000000000","42010AA400041EED8CF393A96D11D6BA","2022-09-13 19:45:26.000000000","42010AA400041EED8CF393A96D57B6BA","42010AA400041EED8CF393A96D57D6BA","42010AA400041EED8CF393A96D2DF6BA","1","EA","0.000","","EUR","0.69","/sap/public/bc/NWDEMO_MODEL/IMAGES_OFFICE/91744523.jpg","0.000","0.000","0.000","","","L","2023-11-03 04:08:23.377000000"
"42010AA400041EED8CF393ABD2B0D6BA","WD-ERS-100","PR","Eraser, Ruler & Sharpener","42010AA400041EED8CF393A96D11D6BA","2022-09-13 19:45:26.000000000","42010AA400041EED8CF393A96D11D6BA","2022-09-13 19:45:26.000000000","42010AA400041EED8CF393A96D57F6BA","42010AA400041EED8CF393A96D5816BA","42010AA400041EED8CF393A96D2DD6BA","1","EA","0.000","","EUR","0.42","/sap/public/bc/NWDEMO_MODEL/IMAGES_OFFICE/122351983.jpg","0.000","0.000","0.000","","","L","2023-11-03 04:08:23.377000000"
"42010AA400041EED8CF393ABD2B0F6BA","WD-ERS-101","PR","Eraser, Ruler & Sharpener","42010AA400041EED8CF393A96D11D6BA","2022-09-13 19:45:26.000000000","42010AA400041EED8CF393A96D11D6BA","2022-09-13 19:45:26.000000000","42010AA400041EED8CF393A96D5836BA","42010AA400041EED8CF393A96D5856BA","42010AA400041EED8CF393A96D2DD6BA","1","EA","0.000","","EUR","0.42","/sap/public/bc/NWDEMO_MODEL/IMAGES_OFFICE/122351977.jpg","0.000","0.000","0.000","","","L","2023-11-03 04:08:23.377000000"
"42010AA400041EED8CF393ABD2B116BA","WD-ERS-102","PR","Eraser, Ruler & Sharpener","42010AA400041EED8CF393A96D11D6BA","2022-09-13 19:45:26.000000000","42010AA400041EED8CF393A96D11D6BA","2022-09-13 19:45:26.000000000","42010AA400041EED8CF393A96D5876BA","42010AA400041EED8CF393A96D5896BA","42010AA400041EED8CF393A96D2DD6BA","1","EA","0.000","","EUR","0.42","/sap/public/bc/NWDEMO_MODEL/IMAGES_OFFICE/122351980.jpg","0.000","0.000","0.000","","","L","2023-11-03 04:08:23.377000000"
"42010AA400041EED8CF393ABD2B136BA","WD-ERS-103","PR","Eraser, Ruler & Sharpener","42010AA400041EED8CF393A96D11D6BA","2022-09-13 19:45:26.000000000","42010AA400041EED8CF393A96D11D6BA","2022-09-13 19:45:26.000000000","42010AA400041EED8CF393A96D58B6BA","42010AA400041EED8CF393A96D58D6BA","42010AA400041EED8CF393A96D2DD6BA","1","EA","0.000","","EUR","1.55","/sap/public/bc/NWDEMO_MODEL/IMAGES_OFFICE/257609758.jpg","0.000","0.000","0.000","","","L","2023-11-03 04:08:23.377000000"
"42010AA400041EED8CF393ABD2B156BA","WD-ERS-104","PR","Eraser, Ruler & Sharpener","42010AA400041EED8CF393A96D11D6BA","2022-09-13 19:45:26.000000000","42010AA400041EED8CF393A96D11D6BA","2022-09-13 19:45:26.000000000","42010AA400041EED8CF393A96D58F6BA","42010AA400041EED8CF393A96D5916BA","42010AA400041EED8CF393A96D2DD6BA","1","EA","0.000","","EUR","1.55","/sap/public/bc/NWDEMO_MODEL/IMAGES_OFFICE/257609761.jpg","0.000","0.000","0.000","","","L","2023-11-03 04:08:23.377000000"
"42010AA400041EED8CF393ABD2B176BA","WD-ERS-105","PR","Eraser, Ruler & Sharpener","42010AA400041EED8CF393A96D11D6BA","2022-09-13 19:45:26.000000000","42010AA400041EED8CF393A96D11D6BA","2022-09-13 19:45:26.000000000","42010AA400041EED8CF393A96D5936BA","42010AA400041EED8CF393A96D5956BA","42010AA400041EED8CF393A96D2D76BA","1","EA","46.000","G","EUR","1.7","/sap/public/bc/NWDEMO_MODEL/IMAGES_OFFICE/193328396.jpg","0.000","0.000","0.000","","","L","2023-11-03 04:08:23.377000000"
"42010AA400041EED8CF393ABD2B196BA","WD-ERS-106","PR","Eraser, Ruler & Sharpener","42010AA400041EED8CF393A96D11D6BA","2022-09-13 19:45:26.000000000","42010AA400041EED8CF393A96D11D6BA","2022-09-13 19:45:26.000000000","42010AA400041EED8CF393A96D5976BA","42010AA400041EED8CF393A96D5996BA","42010AA400041EED8CF393A96D2D96BA","1","EA","46.000","G","EUR","14.95","/sap/public/bc/NWDEMO_MODEL/IMAGES_OFFICE/153389819.jpg","0.000","0.000","0.000","","","L","2023-11-03 04:08:23.377000000"
"42010AA400041EED8CF393ABD2B1B6BA","WD-ERS-107","PR","Eraser, Ruler & Sharpener","42010AA400041EED8CF393A96D11D6BA","2022-09-13 19:45:26.000000000","42010AA400041EED8CF393A96D11D6BA","2022-09-13 19:45:26.000000000","42010AA400041EED8CF393A96D59B6BA","42010AA400041EED8CF393A96D59D6BA","42010AA400041EED8CF393A96D2DB6BA","1","EA","120.000","G","EUR","0.23","/sap/public/bc/NWDEMO_MODEL/IMAGES_OFFICE/342669809.jpg","0.000","0.000","0.000","","","L","2023-11-03 04:08:23.377000000"
"42010AA400041EED8CF393ABD2B1D6BA","WD-ERS-108","PR","Eraser, Ruler & Sharpener","42010AA400041EED8CF393A96D11D6BA","2022-09-13 19:45:26.000000000","42010AA400041EED8CF393A96D11D6BA","2022-09-13 19:45:26.000000000","42010AA400041EED8CF393A96D59F6BA","42010AA400041EED8CF393A96D5A16BA","42010AA400041EED8CF393A96D2DD6BA","1","EA","36.000","G","EUR","0.6","/sap/public/bc/NWDEMO_MODEL/IMAGES_OFFICE/262706861.jpg","0.000","0.000","0.000","","","L","2023-11-03 04:08:23.377000000"
"42010AA400041EED8CF393ABD2B1F6BA","WD-ERS-109","PR","Eraser, Ruler & Sharpener","42010AA400041EED8CF393A96D11D6BA","2022-09-13 19:45:26.000000000","42010AA400041EED8CF393A96D11D6BA","2022-09-13 19:45:26.000000000","42010AA400041EED8CF393A96D5A36BA","42010AA400041EED8CF393A96D5A56BA","42010AA400041EED8CF393A96D2DF6BA","1","EA","0.000","","EUR","1.6","/sap/public/bc/NWDEMO_MODEL/IMAGES_OFFICE/468508265.jpg","0.000","0.000","0.000","","","L","2023-11-03 04:08:23.377000000"
"42010AA400041EED8CF393ABD2B216BA","OF-CS-1000","PR","Chairs & Seating","42010AA400041EED8CF393A96D11D6BA","2022-09-13 19:45:26.000000000","42010AA400041EED8CF393A96D11D6BA","2022-09-13 19:45:26.000000000","42010AA400041EED8CF393A96D5A76BA","42010AA400041EED8CF393A96D5A96BA","42010AA400041EED8CF393A96D2DD6BA","1","EA","20.800","KG","EUR","290.95","/sap/public/bc/NWDEMO_MODEL/IMAGES_OFFICE/308303141.jpg","0.650","1.120","0.600","M","","L","2023-11-03 04:08:23.377000000"
"42010AA400041EED8CF393ABD2B236BA","OF-CS-1001","PR","Chairs & Seating","42010AA400041EED8CF393A96D11D6BA","2022-09-13 19:45:26.000000000","42010AA400041EED8CF393A96D11D6BA","2022-09-13 19:45:26.000000000","42010AA400041EED8CF393A96D5AB6BA","42010AA400041EED8CF393A96D5AD6BA","42010AA400041EED8CF393A96D2DD6BA","1","EA","16.500","KG","EUR","279","/sap/public/bc/NWDEMO_MODEL/IMAGES_OFFICE/407406052.jpg","0.650","0.850","0.600","M","","L","2023-11-03 04:08:23.377000000"
"42010AA400041EED8CF393ABD2B256BA","OF-CS-1002","PR","Chairs & Seating","42010AA400041EED8CF393A96D11D6BA","2022-09-13 19:45:26.000000000","42010AA400041EED8CF393A96D11D6BA","2022-09-13 19:45:26.000000000","42010AA400041EED8CF393A96D5AF6BA","42010AA400041EED8CF393A96D5B16BA","42010AA400041EED8CF393A96D2DD6BA","1","EA","4.500","KG","EUR","120","/sap/public/bc/NWDEMO_MODEL/IMAGES_OFFICE/584779945.jpg","0.550","0.450","0.550","M","","L","2023-11-03 04:08:23.377000000"
"42010AA400041EED8CF393ABD2B276BA","OF-CS-1003","PR","Chairs & Seating","42010AA400041EED8CF393A96D11D6BA","2022-09-13 19:45:26.000000000","42010AA400041EED8CF393A96D11D6BA","2022-09-13 19:45:26.000000000","42010AA400041EED8CF393A96D5B36BA","42010AA400041EED8CF393A96D5B56BA","42010AA400041EED8CF393A96D2DD6BA","1","EA","4.500","KG","EUR","120","/sap/public/bc/NWDEMO_MODEL/IMAGES_OFFICE/584779921.jpg","0.550","0.450","0.550","M","","L","2023-11-03 04:08:23.377000000"
"42010AA400041EED8CF393ABD2B296BA","OF-ST-1000","PR","Storage Solutions","42010AA400041EED8CF393A96D11D6BA","2022-09-13 19:45:26.000000000","42010AA400041EED8CF393A96D11D6BA","2022-09-13 19:45:26.000000000","42010AA400041EED8CF393A96D5B76BA","42010AA400041EED8CF393A96D5B96BA","42010AA400041EED8CF393A96D2DD6BA","1","EA","64.700","KG","EUR","295","/sap/public/bc/NWDEMO_MODEL/IMAGES_OFFICE/72463705.jpg","45.000","45.000","195.000","CM","","L","2023-11-03 04:08:23.377000000"
"42010AA400041EED8CF393ABD2B2B6BA","OF-ST-1001","PR","Storage Solutions","42010AA400041EED8CF393A96D11D6BA","2022-09-13 19:45:26.000000000","42010AA400041EED8CF393A96D11D6BA","2022-09-13 19:45:26.000000000","42010AA400041EED8CF393A96D5BB6BA","42010AA400041EED8CF393A96D5BD6BA","42010AA400041EED8CF393A96D2D76BA","1","EA","45.100","KG","EUR","145","/sap/public/bc/NWDEMO_MODEL/IMAGES_OFFICE/72658711.jpg","62.200","47.000","132.100","CM","","L","2023-11-03 04:08:23.377000000"
"42010AA400041EED8CF393ABD2B2D6BA","OF-ST-1002","PR","Storage Solutions","42010AA400041EED8CF393A96D11D6BA","2022-09-13 19:45:26.000000000","42010AA400041EED8CF393A96D11D6BA","2022-09-13 19:45:26.000000000","42010AA400041EED8CF393A96D5BF6BA","42010AA400041EED8CF393A96D5C16BA","42010AA400041EED8CF393A96D2D96BA","1","EA","45.100","KG","EUR","145","/sap/public/bc/NWDEMO_MODEL/IMAGES_OFFICE/72658678.jpg","62.200","47.000","132.100","CM","","L","2023-11-03 04:08:23.377000000"
"42010AA400041EED8CF393ABD2B2F6BA","OF-ST-1003","PR","Storage Solutions","42010AA400041EED8CF393A96D11D6BA","2022-09-13 19:45:26.000000000","42010AA400041EED8CF393A96D11D6BA","2022-09-13 19:45:26.000000000","42010AA400041EED8CF393A96D5C36BA","42010AA400041EED8CF393A96D5C56BA","42010AA400041EED8CF393A96D2DB6BA","1","EA","45.100","KG","EUR","145","/sap/public/bc/NWDEMO_MODEL/IMAGES_OFFICE/72658672.jpg","62.200","47.000","132.100","CM","","L","2023-11-03 04:08:23.377000000"
"42010AA400041EED8CF393ABD2B316BA","OF-ST-1004","PR","Storage Solutions","42010AA400041EED8CF393A96D11D6BA","2022-09-13 19:45:26.000000000","42010AA400041EED8CF393A96D11D6BA","2022-09-13 19:45:26.000000000","42010AA400041EED8CF393A96D5C76BA","42010AA400041EED8CF393A96D5C96BA","42010AA400041EED8CF393A96D2DD6BA","1","EA","45.100","KG","EUR","125","/sap/public/bc/NWDEMO_MODEL/IMAGES_OFFICE/71703877.jpg","62.200","47.000","62.200","CM","","L","2023-11-03 04:08:23.377000000"
"42010AA400041EED8CF393ABD2B336BA","OF-ST-1005","PR","Storage Solutions","42010AA400041EED8CF393A96D11D6BA","2022-09-13 19:45:26.000000000","42010AA400041EED8CF393A96D11D6BA","2022-09-13 19:45:26.000000000","42010AA400041EED8CF393A96D5CB6BA","42010AA400041EED8CF393A96D5CD6BA","42010AA400041EED8CF393A96D2DF6BA","1","EA","45.100","KG","EUR","125","/sap/public/bc/NWDEMO_MODEL/IMAGES_OFFICE/71703919.jpg","62.200","47.000","100.160","CM","","L","2023-11-03 04:08:23.377000000"
"42010AA400041EED8CF393ABD2B356BA","OF-ST-1006","PR","Storage Solutions","42010AA400041EED8CF393A96D11D6BA","2022-09-13 19:45:26.000000000","42010AA400041EED8CF393A96D11D6BA","2022-09-13 19:45:26.000000000","42010AA400041EED8CF393A96D5CF6BA","42010AA400041EED8CF393A96D5D16BA","42010AA400041EED8CF393A96D2DD6BA","1","EA","45.100","KG","EUR","125","/sap/public/bc/NWDEMO_MODEL/IMAGES_OFFICE/72658687.jpg","62.200","47.000","100.160","CM","","L","2023-11-03 04:08:23.377000000"
"42010AA400041EED8CF393ABD2B376BA","OF-ST-1007","PR","Storage Solutions","42010AA400041EED8CF393A96D11D6BA","2022-09-13 19:45:26.000000000","42010AA400041EED8CF393A96D11D6BA","2022-09-13 19:45:26.000000000","42010AA400041EED8CF393A96D5D36BA","42010AA400041EED8CF393A96D5D56BA","42010AA400041EED8CF393A96D2DD6BA","1","EA","45.100","KG","EUR","105","/sap/public/bc/NWDEMO_MODEL/IMAGES_OFFICE/72658702.jpg","62.200","47.000","71.100","CM","","L","2023-11-03 04:08:23.377000000"
"42010AA400041EED8CF393ABD2B396BA","OF-ST-1008","PR","Storage Solutions","42010AA400041EED8CF393A96D11D6BA","2022-09-13 19:45:26.000000000","42010AA400041EED8CF393A96D11D6BA","2022-09-13 19:45:26.000000000","42010AA400041EED8CF393A96D5D76BA","42010AA400041EED8CF393A96D5D96BA","42010AA400041EED8CF393A96D2DD6BA","1","EA","23.600","KG","EUR","105","/sap/public/bc/NWDEMO_MODEL/IMAGES_OFFICE/72658717.jpg","62.200","47.000","71.100","CM","","L","2023-11-03 04:08:23.377000000"
"42010AA400041EED8CF393ABD2B3B6BA","OF-ST-1009","PR","Storage Solutions","42010AA400041EED8CF393A96D11D6BA","2022-09-13 19:45:26.000000000","42010AA400041EED8CF393A96D11D6BA","2022-09-13 19:45:26.000000000","42010AA400041EED8CF393A96D5DB6BA","42010AA400041EED8CF393A96D5DD6BA","42010AA400041EED8CF393A96D2DD6BA","1","EA","23.600","KG","EUR","105","/sap/public/bc/NWDEMO_MODEL/IMAGES_OFFICE/72658666.jpg","62.200","47.000","71.100","CM","","L","2023-11-03 04:08:23.377000000"
"42010AA400041EED8CF393ABD2B3D6BA","OF-DL-1000","PR","Desk Lamps","42010AA400041EED8CF393A96D11D6BA","2022-09-13 19:45:26.000000000","42010AA400041EED8CF393A96D11D6BA","2022-09-13 19:45:26.000000000","42010AA400041EED8CF393A96D5DF6BA","42010AA400041EED8CF393A96D5E16BA","42010AA400041EED8CF393A96D2DD6BA","1","EA","1.300","KG","EUR","28","/sap/public/bc/NWDEMO_MODEL/IMAGES_OFFICE/41413516.jpg","12.500","34.000","18.000","CM","","L","2023-11-03 04:08:23.377000000"
"42010AA400041EED8CF393ABD2B3F6BA","OF-DL-1001","PR","Desk Lamps","42010AA400041EED8CF393A96D11D6BA","2022-09-13 19:45:26.000000000","42010AA400041EED8CF393A96D11D6BA","2022-09-13 19:45:26.000000000","42010AA400041EED8CF393A96D5E36BA","42010AA400041EED8CF393A96D5E56BA","42010AA400041EED8CF393A96D2D76BA","1","EA","1.100","KG","EUR","38","/sap/public/bc/NWDEMO_MODEL/IMAGES_OFFICE/314856419.jpg","12.500","34.000","18.000","CM","","L","2023-11-03 04:08:23.377000000"
"42010AA400041EED8CF393ABD2B416BA","OF-DL-1002","PR","Desk Lamps","42010AA400041EED8CF393A96D11D6BA","2022-09-13 19:45:26.000000000","42010AA400041EED8CF393A96D11D6BA","2022-09-13 19:45:26.000000000","42010AA400041EED8CF393A96D5E76BA","42010AA400041EED8CF393A96D5E96BA","42010AA400041EED8CF393A96D2D96BA","1","EA","820.000","G","EUR","34.95","/sap/public/bc/NWDEMO_MODEL/IMAGES_OFFICE/77366122.jpg","12.500","34.000","18.000","CM","","L","2023-11-03 04:08:23.377000000"
"42010AA400041EED8CF393ABD2B436BA","OF-DL-1003","PR","Desk Lamps","42010AA400041EED8CF393A96D11D6BA","2022-09-13 19:45:26.000000000","42010AA400041EED8CF393A96D11D6BA","2022-09-13 19:45:26.000000000","42010AA400041EED8CF393A96D5EB6BA","42010AA400041EED8CF393A96D5ED6BA","42010AA400041EED8CF393A96D2DB6BA","1","EA","70.000","G","EUR","21.95","/sap/public/bc/NWDEMO_MODEL/IMAGES_OFFICE/237796402.jpg","5.000","10.000","2.000","CM","","L","2023-11-03 04:08:23.377000000"
"42010AA400041EED8CF393ABD2B456BA","OF-DL-1004","PR","Desk Lamps","42010AA400041EED8CF393A96D11D6BA","2022-09-13 19:45:26.000000000","42010AA400041EED8CF393A96D11D6BA","2022-09-13 19:45:26.000000000","42010AA400041EED8CF393A96D5EF6BA","42010AA400041EED8CF393A96D5F16BA","42010AA400041EED8CF393A96D2DD6BA","1","EA","0.000","","EUR","15.2","/sap/public/bc/NWDEMO_MODEL/IMAGES_OFFICE/262743578.jpg","0.000","0.000","0.000","","","L","2023-11-03 04:08:23.377000000"
"42010AA400041EED8CF393ABD2B476BA","OF-BB-1000","PR","Bins & Baskets","42010AA400041EED8CF393A96D11D6BA","2022-09-13 19:45:26.000000000","42010AA400041EED8CF393A96D11D6BA","2022-09-13 19:45:26.000000000","42010AA400041EED8CF393A96D5F36BA","42010AA400041EED8CF393A96D5F56BA","42010AA400041EED8CF393A96D2DF6BA","1","EA","0.000","","EUR","26.5","/sap/public/bc/NWDEMO_MODEL/IMAGES_OFFICE/87814756.jpg","0.000","0.000","0.000","","","L","2023-11-03 04:08:23.377000000"
"42010AA400041EED8CF393ABD2B496BA","OF-BB-1001","PR","Bins & Baskets","42010AA400041EED8CF393A96D11D6BA","2022-09-13 19:45:26.000000000","42010AA400041EED8CF393A96D11D6BA","2022-09-13 19:45:26.000000000","42010AA400041EED8CF393A96D5F76BA","42010AA400041EED8CF393A96D5F96BA","42010AA400041EED8CF393A96D2DD6BA","1","EA","467.000","G","EUR","132","/sap/public/bc/NWDEMO_MODEL/IMAGES_OFFICE/154527827.jpg","63.000","31.000","37.500","CM","","L","2023-11-03 04:08:23.377000000"
"42010AA400041EED8CF393ABD2B4B6BA","OF-BB-1002","PR","Bins & Baskets","42010AA400041EED8CF393A96D11D6BA","2022-09-13 19:45:26.000000000","42010AA400041EED8CF393A96D11D6BA","2022-09-13 19:45:26.000000000","42010AA400041EED8CF393A96D5FB6BA","42010AA400041EED8CF393A96D5FD6BA","42010AA400041EED8CF393A96D2DD6BA","1","EA","0.000","","EUR","9.99","/sap/public/bc/NWDEMO_MODEL/IMAGES_OFFICE/91864133.jpg","0.000","0.000","0.000","","","L","2023-11-03 04:08:23.377000000"
"42010AA400041EED8CF393ABD2B4D6BA","OF-BB-1003","PR","Bins & Baskets","42010AA400041EED8CF393A96D11D6BA","2022-09-13 19:45:26.000000000","42010AA400041EED8CF393A96D11D6BA","2022-09-13 19:45:26.000000000","42010AA400041EED8CF393A96D5FF6BA","42010AA400041EED8CF393A96D6016BA","42010AA400041EED8CF393A96D2DD6BA","1","EA","0.000","","EUR","36.4","/sap/public/bc/NWDEMO_MODEL/IMAGES_OFFICE/258194636.jpg","0.000","0.000","0.000","","","L","2023-11-03 04:08:23.377000000"
"42010AA400041EED8CF393ABD2B4F6BA","OF-PW-1000","PR","Plants & Watering Cans","42010AA400041EED8CF393A96D11D6BA","2022-09-13 19:45:26.000000000","42010AA400041EED8CF393A96D11D6BA","2022-09-13 19:45:26.000000000","42010AA400041EED8CF393A96D6036BA","42010AA400041EED8CF393A96D6056BA","42010AA400041EED8CF393A96D2DD6BA","1","EA","0.000","","EUR","16.45","/sap/public/bc/NWDEMO_MODEL/IMAGES_OFFICE/106181243.jpg","0.000","0.000","0.000","","","L","2023-11-03 04:08:23.377000000"
"42010AA400041EED8CF393ABD2B516BA","OF-PW-1001","PR","Plants & Watering Cans","42010AA400041EED8CF393A96D11D6BA","2022-09-13 19:45:26.000000000","42010AA400041EED8CF393A96D11D6BA","2022-09-13 19:45:26.000000000","42010AA400041EED8CF393A96D6076BA","42010AA400041EED8CF393A96D6096BA","42010AA400041EED8CF393A96D2DD6BA","1","EA","0.000","","EUR","14.9","/sap/public/bc/NWDEMO_MODEL/IMAGES_OFFICE/660629815.jpg","0.000","0.000","0.000","","","L","2023-11-03 04:08:23.377000000"
"42010AA400041EED8CF393ABD2B536BA","OF-PW-1002","PR","Plants & Watering Cans","42010AA400041EED8CF393A96D11D6BA","2022-09-13 19:45:26.000000000","42010AA400041EED8CF393A96D11D6BA","2022-09-13 19:45:26.000000000","42010AA400041EED8CF393A96D60B6BA","42010AA400041EED8CF393A96D60D6BA","42010AA400041EED8CF393A96D2D76BA","1","EA","0.000","","EUR","21.7","/sap/public/bc/NWDEMO_MODEL/IMAGES_OFFICE/69985432.jpg","0.000","0.000","0.000","","","L","2023-11-03 04:08:23.377000000"
"42010AA400041EED8CF393ABD2B556BA","OF-PW-1003","PR","Plants & Watering Cans","42010AA400041EED8CF393A96D11D6BA","2022-09-13 19:45:26.000000000","42010AA400041EED8CF393A96D11D6BA","2022-09-13 19:45:26.000000000","42010AA400041EED8CF393A96D60F6BA","42010AA400041EED8CF393A96D6116BA","42010AA400041EED8CF393A96D2D96BA","1","EA","0.000","","EUR","4.3","/sap/public/bc/NWDEMO_MODEL/IMAGES_OFFICE/59210698.jpg","0.000","0.000","0.000","","","L","2023-11-03 04:08:23.377000000"
"42010AA400041EED8CF393ABD2B576BA","MC-M-1000","PR","Calendars","42010AA400041EED8CF393A96D11D6BA","2022-09-13 19:45:26.000000000","42010AA400041EED8CF393A96D11D6BA","2022-09-13 19:45:26.000000000","42010AA400041EED8CF393A96D6136BA","42010AA400041EED8CF393A96D6156BA","42010AA400041EED8CF393A96D2DB6BA","1","EA","0.000","","EUR","4.8","/sap/public/bc/NWDEMO_MODEL/IMAGES_OFFICE/56842663.jpg","0.000","0.000","0.000","","","L","2023-11-03 04:08:23.377000000"
"42010AA400041EED8CF393ABD2B596BA","MC-M-1001","PR","Calendars","42010AA400041EED8CF393A96D11D6BA","2022-09-13 19:45:26.000000000","42010AA400041EED8CF393A96D11D6BA","2022-09-13 19:45:26.000000000","42010AA400041EED8CF393A96D6176BA","42010AA400041EED8CF393A96D6196BA","42010AA400041EED8CF393A96D2DD6BA","1","EA","0.000","","EUR","4.8","/sap/public/bc/NWDEMO_MODEL/IMAGES_OFFICE/61634335.jpg","0.000","0.000","0.000","","","L","2023-11-03 04:08:23.377000000"
"42010AA400041EED8CF393ABD2B5B6BA","MC-M-1002","PR","Calendars","42010AA400041EED8CF393A96D11D6BA","2022-09-13 19:45:26.000000000","42010AA400041EED8CF393A96D11D6BA","2022-09-13 19:45:26.000000000","42010AA400041EED8CF393A96D61B6BA","42010AA400041EED8CF393A96D61D6BA","42010AA400041EED8CF393A96D2DF6BA","1","EA","0.000","","EUR","6.1","/sap/public/bc/NWDEMO_MODEL/IMAGES_OFFICE/2490776.jpg","0.000","0.000","0.000","","","L","2023-11-03 04:08:23.377000000"
"42010AA400041EED8CF393ABD2B5D6BA","MC-M-1003","PR","Calendars","42010AA400041EED8CF393A96D11D6BA","2022-09-13 19:45:26.000000000","42010AA400041EED8CF393A96D11D6BA","2022-09-13 19:45:26.000000000","42010AA400041EED8CF393A96D61F6BA","42010AA400041EED8CF393A96D6216BA","42010AA400041EED8CF393A96D2DD6BA","1","EA","980.000","G","EUR","53.15","/sap/public/bc/NWDEMO_MODEL/IMAGES_OFFICE/90507979.jpg","5.200","24.600","19.200","CM","","L","2023-11-03 04:08:23.377000000"
"42010AA400041EED8CF393ABD2B5F6BA","MC-CA-1000","PR","Cleaning Aids","42010AA400041EED8CF393A96D11D6BA","2022-09-13 19:45:26.000000000","42010AA400041EED8CF393A96D11D6BA","2022-09-13 19:45:26.000000000","42010AA400041EED8CF393A96D6236BA","42010AA400041EED8CF393A96D6256BA","42010AA400041EED8CF393A96D2DD6BA","1","EA","0.000","","EUR","8.99","/sap/public/bc/NWDEMO_MODEL/IMAGES_OFFICE/118285516.jpg","0.000","0.000","0.000","","","L","2023-11-03 04:08:23.377000000"
"42010AA400041EED8CF393ABD2B616BA","MC-CA-1001","PR","Cleaning Aids","42010AA400041EED8CF393A96D11D6BA","2022-09-13 19:45:26.000000000","42010AA400041EED8CF393A96D11D6BA","2022-09-13 19:45:26.000000000","42010AA400041EED8CF393A96D6276BA","42010AA400041EED8CF393A96D6296BA","42010AA400041EED8CF393A96D2DD6BA","1","EA","0.000","","EUR","12.45","/sap/public/bc/NWDEMO_MODEL/IMAGES_OFFICE/98719937.jpg","0.000","0.000","0.000","","","L","2023-11-03 04:08:23.377000000"
"42010AA400041EED8CF393ABD2B636BA","MC-CA-1002","PR","Cleaning Aids","42010AA400041EED8CF393A96D11D6BA","2022-09-13 19:45:26.000000000","42010AA400041EED8CF393A96D11D6BA","2022-09-13 19:45:26.000000000","42010AA400041EED8CF393A96D62B6BA","42010AA400041EED8CF393A96D62D6BA","42010AA400041EED8CF393A96D2DD6BA","1","EA","0.000","","EUR","4.95","/sap/public/bc/NWDEMO_MODEL/IMAGES_OFFICE/446305030.jpg","0.000","0.000","0.000","","","L","2023-11-03 04:08:23.377000000"
"42010AA400041EED8CF393ABD2B656BA","MC-CA-1003","PR","Cleaning Aids","42010AA400041EED8CF393A96D11D6BA","2022-09-13 19:45:26.000000000","42010AA400041EED8CF393A96D11D6BA","2022-09-13 19:45:26.000000000","42010AA400041EED8CF393A96D62F6BA","42010AA400041EED8CF393A96D6316BA","42010AA400041EED8CF393A96D2DD6BA","1","EA","0.000","","EUR","1.8","/sap/public/bc/NWDEMO_MODEL/IMAGES_OFFICE/216725182.jpg","0.000","0.000","0.000","","","L","2023-11-03 04:08:23.377000000"
"42010AA400041EED8CF393ABD2B676BA","MC-CA-1004","PR","Cleaning Aids","42010AA400041EED8CF393A96D11D6BA","2022-09-13 19:45:26.000000000","42010AA400041EED8CF393A96D11D6BA","2022-09-13 19:45:26.000000000","42010AA400041EED8CF393A96D6336BA","42010AA400041EED8CF393A96D6356BA","42010AA400041EED8CF393A96D2D76BA","1","EA","0.000","","EUR","2.6","/sap/public/bc/NWDEMO_MODEL/IMAGES_OFFICE/88557772.jpg","0.000","0.000","0.000","","","L","2023-11-03 04:08:23.377000000"
"42010AA400041EED8CF393ABD2B696BA","MC-B-1000","PR","Batteries","42010AA400041EED8CF393A96D11D6BA","2022-09-13 19:45:26.000000000","42010AA400041EED8CF393A96D11D6BA","2022-09-13 19:45:26.000000000","42010AA400041EED8CF393A96D6376BA","42010AA400041EED8CF393A96D6396BA","42010AA400041EED8CF393A96D2D96BA","1","EA","400.000","G","EUR","3.5","/sap/public/bc/NWDEMO_MODEL/IMAGES_OFFICE/98068823.jpg","17.200","3.200","8.800","CM","","L","2023-11-03 04:08:23.377000000"
"42010AA400041EED8CF393ABD2B6B6BA","MC-B-1001","PR","Batteries","42010AA400041EED8CF393A96D11D6BA","2022-09-13 19:45:26.000000000","42010AA400041EED8CF393A96D11D6BA","2022-09-13 19:45:26.000000000","42010AA400041EED8CF393A96D63B6BA","42010AA400041EED8CF393A96D63D6BA","42010AA400041EED8CF393A96D2DB6BA","1","EA","400.000","G","EUR","3.5","/sap/public/bc/NWDEMO_MODEL/IMAGES_OFFICE/33408856.jpg","17.200","3.200","8.800","CM","","L","2023-11-03 04:08:23.377000000"
"42010AA400041EED8CF393ABD2B6D6BA","MC-B-1002","PR","Batteries","42010AA400041EED8CF393A96D11D6BA","2022-09-13 19:45:26.000000000","42010AA400041EED8CF393A96D11D6BA","2022-09-13 19:45:26.000000000","42010AA400041EED8CF393A96D63F6BA","42010AA400041EED8CF393A96D6416BA","42010AA400041EED8CF393A96D2DD6BA","1","EA","0.000","","EUR","5.85","/sap/public/bc/NWDEMO_MODEL/IMAGES_OFFICE/74504842.jpg","0.000","0.000","0.000","","","L","2023-11-03 04:08:23.377000000"
"42010AA400041EED8CF393ABD2B6F6BA","MC-B-1003","PR","Batteries","42010AA400041EED8CF393A96D11D6BA","2022-09-13 19:45:26.000000000","42010AA400041EED8CF393A96D11D6BA","2022-09-13 19:45:26.000000000","42010AA400041EED8CF393A96D6436BA","42010AA400041EED8CF393A96D6456BA","42010AA400041EED8CF393A96D2DF6BA","1","EA","350.000","G","EUR","15.99","/sap/public/bc/NWDEMO_MODEL/IMAGES_OFFICE/47814889.jpg","12.000","10.000","8.200","CM","","L","2023-11-03 04:08:23.377000000"
"42010AA400041EED8CF393ABD2B716BA","MC-B-1004","PR","Batteries","42010AA400041EED8CF393A96D11D6BA","2022-09-13 19:45:26.000000000","42010AA400041EED8CF393A96D11D6BA","2022-09-13 19:45:26.000000000","42010AA400041EED8CF393A96D6476BA","42010AA400041EED8CF393A96D6496BA","42010AA400041EED8CF393A96D2DD6BA","1","EA","0.000","","EUR","8.75","/sap/public/bc/NWDEMO_MODEL/IMAGES_OFFICE/258294665.jpg","0.000","0.000","0.000","","","L","2023-11-03 04:08:23.377000000"
"42010AA400041EED8CF393ABD2B736BA","MC-CM-1000","PR","Cups & Mugs","42010AA400041EED8CF393A96D11D6BA","2022-09-13 19:45:26.000000000","42010AA400041EED8CF393A96D11D6BA","2022-09-13 19:45:26.000000000","42010AA400041EED8CF393A96D64B6BA","42010AA400041EED8CF393A96D64D6BA","42010AA400041EED8CF393A96D2DD6BA","1","EA","350.000","G","EUR","12.99","/sap/public/bc/NWDEMO_MODEL/IMAGES_OFFICE/60961366.jpg","12.000","10.000","10.000","CM","","L","2023-11-03 04:08:23.377000000"
"42010AA400041EED8CF393ABD2B756BA","MC-CM-1001","PR","Cups & Mugs","42010AA400041EED8CF393A96D11D6BA","2022-09-13 19:45:26.000000000","42010AA400041EED8CF393A96D11D6BA","2022-09-13 19:45:26.000000000","42010AA400041EED8CF393A96D64F6BA","42010AA400041EED8CF393A96D6516BA","42010AA400041EED8CF393A96D2DD6BA","1","EA","350.000","G","EUR","12.99","/sap/public/bc/NWDEMO_MODEL/IMAGES_OFFICE/61101091.jpg","12.000","10.000","10.000","CM","","L","2023-11-03 04:08:23.377000000"
"42010AA400041EED8CF393ABD2B776BA","MC-CM-1002","PR","Cups & Mugs","42010AA400041EED8CF393A96D11D6BA","2022-09-13 19:45:26.000000000","42010AA400041EED8CF393A96D11D6BA","2022-09-13 19:45:26.000000000","42010AA400041EED8CF393A96D6536BA","42010AA400041EED8CF393A96D6556BA","42010AA400041EED8CF393A96D2DD6BA","1","EA","350.000","G","EUR","2.65","/sap/public/bc/NWDEMO_MODEL/IMAGES_OFFICE/25494832.jpg","12.000","10.000","10.000","CM","","L","2023-11-03 04:08:23.377000000"
"42010AA400041EED8CF393ABD2B796BA","MC-CM-1003","PR","Cups & Mugs","42010AA400041EED8CF393A96D11D6BA","2022-09-13 19:45:26.000000000","42010AA400041EED8CF393A96D11D6BA","2022-09-13 19:45:26.000000000","42010AA400041EED8CF393A96D6576BA","42010AA400041EED8CF393A96D6596BA","42010AA400041EED8CF393A96D2DD6BA","1","EA","350.000","G","EUR","2.65","/sap/public/bc/NWDEMO_MODEL/IMAGES_OFFICE/23013946.jpg","12.000","10.000","10.000","CM","","L","2023-11-03 04:08:23.377000000"
"42010AA400041EED8CF393ABD2B7B6BA","MC-CH-1000","PR","Coat Hangers","42010AA400041EED8CF393A96D11D6BA","2022-09-13 19:45:26.000000000","42010AA400041EED8CF393A96D11D6BA","2022-09-13 19:45:26.000000000","42010AA400041EED8CF393A96D65B6BA","42010AA400041EED8CF393A96D65D6BA","42010AA400041EED8CF393A96D2D76BA","1","EA","450.000","G","EUR","2.6","/sap/public/bc/NWDEMO_MODEL/IMAGES_OFFICE/260517668.jpg","44.000","4.000","23.000","CM","","L","2023-11-03 04:08:23.377000000"
"42010AA400041EED8CF393ABD2B7D6BA","MC-CH-1001","PR","Coat Hangers","42010AA400041EED8CF393A96D11D6BA","2022-09-13 19:45:26.000000000","42010AA400041EED8CF393A96D11D6BA","2022-09-13 19:45:26.000000000","42010AA400041EED8CF393A96D65F6BA","42010AA400041EED8CF393A96D6616BA","42010AA400041EED8CF393A96D2D96BA","1","EA","450.000","G","EUR","21.73","/sap/public/bc/NWDEMO_MODEL/IMAGES_OFFICE/260630828.jpg","44.000","4.000","23.000","CM","","L","2023-11-03 04:08:23.377000000"
"42010AA400041EED8CF393ABD2B7F6BA","MC-CH-1002","PR","Coat Hangers","42010AA400041EED8CF393A96D11D6BA","2022-09-13 19:45:26.000000000","42010AA400041EED8CF393A96D11D6BA","2022-09-13 19:45:26.000000000","42010AA400041EED8CF393A96D6636BA","42010AA400041EED8CF393A96D6656BA","42010AA400041EED8CF393A96D2DB6BA","1","EA","450.000","G","EUR","6.4","/sap/public/bc/NWDEMO_MODEL/IMAGES_OFFICE/180673544.jpg","44.000","4.000","23.000","CM","","L","2023-11-03 04:08:23.377000000"
"42010AA400041EED8CF393ABD2B816BA","MC-CH-1003","PR","Coat Hangers","42010AA400041EED8CF393A96D11D6BA","2022-09-13 19:45:26.000000000","42010AA400041EED8CF393A96D11D6BA","2022-09-13 19:45:26.000000000","42010AA400041EED8CF393A96D6676BA","42010AA400041EED8CF393A96D6696BA","42010AA400041EED8CF393A96D2DD6BA","1","EA","0.000","","EUR","6.49","/sap/public/bc/NWDEMO_MODEL/IMAGES_OFFICE/253184278.jpg","0.000","0.000","0.000","","","L","2023-11-03 04:08:23.377000000"
"42010AA400041EED8CF393ABD2B836BA","MC-CH-1004","PR","Coat Hangers","42010AA400041EED8CF393A96D11D6BA","2022-09-13 19:45:26.000000000","42010AA400041EED8CF393A96D11D6BA","2022-09-13 19:45:26.000000000","42010AA400041EED8CF393A96D66B6BA","42010AA400041EED8CF393A96D66D6BA","42010AA400041EED8CF393A96D2DF6BA","1","EA","0.000","","EUR","5.76","/sap/public/bc/NWDEMO_MODEL/IMAGES_OFFICE/105121013.jpg","0.000","0.000","0.000","","","L","2023-11-03 04:08:23.377000000"